2025-12-29T07:15:53.117Z error: MongoDB connection error: connect ECONNREFUSED 0.0.0.0:27017
2026-04-01T17:58:25.596Z error: MongoDB connection error: connect ECONNREFUSED ::1:27017, connect ECONNREFUSED 127.0.0.1:27017
2026-04-01T18:01:41.805Z error: MongoDB connection error: connect ECONNREFUSED ::1:27017, connect ECONNREFUSED 127.0.0.1:27017
2026-04-01T18:09:57.595Z error: MongoDB connection error: connect ECONNREFUSED ::1:27017, connect ECONNREFUSED 127.0.0.1:27017
2026-04-01T18:14:46.735Z error: MongoDB connection error: connect ECONNREFUSED ::1:27017, connect ECONNREFUSED 127.0.0.1:27017
2026-04-01T18:16:32.518Z error: MongoDB connection error: connect ECONNREFUSED ::1:27017, connect ECONNREFUSED 127.0.0.1:27017
2026-04-02T17:34:34.269Z error: MongoDB connection error: connect ECONNREFUSED ::1:27017, connect ECONNREFUSED 127.0.0.1:27017
2026-04-26 00:41:31 [error]: Redis error: getaddrinfo ENOTFOUND redis-15861.crce263.ap-south-1-1.ec2.cloud.redislabs.com
2026-04-26 00:41:31 [error]: Redis error: getaddrinfo ENOTFOUND redis-15861.crce263.ap-south-1-1.ec2.cloud.redislabs.com
2026-04-26 00:41:31 [error]: Redis error: getaddrinfo ENOTFOUND redis-15861.crce263.ap-south-1-1.ec2.cloud.redislabs.com
2026-04-26 00:41:32 [error]: Redis error: getaddrinfo ENOTFOUND redis-15861.crce263.ap-south-1-1.ec2.cloud.redislabs.com
2026-04-26 00:41:32 [error]: Redis error: getaddrinfo ENOTFOUND redis-15861.crce263.ap-south-1-1.ec2.cloud.redislabs.com
2026-04-26 00:41:33 [error]: Redis error: getaddrinfo ENOTFOUND redis-15861.crce263.ap-south-1-1.ec2.cloud.redislabs.com
2026-04-26 00:41:34 [error]: Redis error: getaddrinfo ENOTFOUND redis-15861.crce263.ap-south-1-1.ec2.cloud.redislabs.com
2026-04-26 00:41:35 [error]: Redis error: getaddrinfo ENOTFOUND redis-15861.crce263.ap-south-1-1.ec2.cloud.redislabs.com
2026-04-26 00:41:37 [error]: Redis error: getaddrinfo ENOTFOUND redis-15861.crce263.ap-south-1-1.ec2.cloud.redislabs.com
2026-04-26 00:41:38 [error]: Redis error: getaddrinfo ENOTFOUND redis-15861.crce263.ap-south-1-1.ec2.cloud.redislabs.com
2026-04-26 00:41:40 [error]: Redis error: getaddrinfo ENOTFOUND redis-15861.crce263.ap-south-1-1.ec2.cloud.redislabs.com
2026-04-26 00:41:42 [error]: Redis: max reconnect attempts reached.
2026-04-26 00:41:42 [error]: Redis error: getaddrinfo ENOTFOUND redis-15861.crce263.ap-south-1-1.ec2.cloud.redislabs.com
2026-04-26 00:41:42 [error]: Redis initial connection failed: Max reconnect attempts
2026-04-26 00:42:20 [error]: Redis error: getaddrinfo ENOTFOUND redis-15861.crce263.ap-south-1-1.ec2.cloud.redislabs.com
2026-04-26 00:42:20 [error]: Redis error: getaddrinfo ENOTFOUND redis-15861.crce263.ap-south-1-1.ec2.cloud.redislabs.com
2026-04-26 00:42:20 [error]: Redis error: getaddrinfo ENOTFOUND redis-15861.crce263.ap-south-1-1.ec2.cloud.redislabs.com
2026-04-26 00:42:21 [error]: Redis error: getaddrinfo ENOTFOUND redis-15861.crce263.ap-south-1-1.ec2.cloud.redislabs.com
2026-04-26 00:42:21 [error]: Redis error: getaddrinfo ENOTFOUND redis-15861.crce263.ap-south-1-1.ec2.cloud.redislabs.com
2026-04-26 00:42:22 [error]: Redis error: getaddrinfo ENOTFOUND redis-15861.crce263.ap-south-1-1.ec2.cloud.redislabs.com
2026-04-26 00:42:23 [error]: Redis error: getaddrinfo ENOTFOUND redis-15861.crce263.ap-south-1-1.ec2.cloud.redislabs.com
2026-04-26 00:42:24 [error]: Redis error: getaddrinfo ENOTFOUND redis-15861.crce263.ap-south-1-1.ec2.cloud.redislabs.com
2026-04-26 00:42:26 [error]: Redis error: getaddrinfo ENOTFOUND redis-15861.crce263.ap-south-1-1.ec2.cloud.redislabs.com
2026-04-26 00:42:27 [error]: Redis error: getaddrinfo ENOTFOUND redis-15861.crce263.ap-south-1-1.ec2.cloud.redislabs.com
2026-04-26 00:42:29 [error]: Redis error: getaddrinfo ENOTFOUND redis-15861.crce263.ap-south-1-1.ec2.cloud.redislabs.com
2026-04-26 00:42:31 [error]: Redis: max reconnect attempts reached.
2026-04-26 00:42:31 [error]: Redis error: getaddrinfo ENOTFOUND redis-15861.crce263.ap-south-1-1.ec2.cloud.redislabs.com
2026-04-26 00:42:31 [error]: Redis initial connection failed: Max reconnect attempts
2026-04-26 00:51:41 [error]: Redis error: getaddrinfo ENOTFOUND redis-15861.crce263.ap-south-1-1.ec2.cloud.redislabs.com
2026-04-26 00:51:41 [error]: Redis error: getaddrinfo ENOTFOUND redis-15861.crce263.ap-south-1-1.ec2.cloud.redislabs.com
2026-04-26 00:51:42 [error]: Redis error: getaddrinfo ENOTFOUND redis-15861.crce263.ap-south-1-1.ec2.cloud.redislabs.com
2026-04-26 00:51:42 [error]: Redis error: getaddrinfo ENOTFOUND redis-15861.crce263.ap-south-1-1.ec2.cloud.redislabs.com
2026-04-26 00:51:43 [error]: Redis error: getaddrinfo ENOTFOUND redis-15861.crce263.ap-south-1-1.ec2.cloud.redislabs.com
2026-04-26 00:51:43 [error]: Redis error: getaddrinfo ENOTFOUND redis-15861.crce263.ap-south-1-1.ec2.cloud.redislabs.com
2026-04-26 00:51:45 [error]: Redis error: getaddrinfo ENOTFOUND redis-15861.crce263.ap-south-1-1.ec2.cloud.redislabs.com
2026-04-26 00:51:46 [error]: Redis error: getaddrinfo ENOTFOUND redis-15861.crce263.ap-south-1-1.ec2.cloud.redislabs.com
2026-04-26 00:51:47 [error]: Redis error: getaddrinfo ENOTFOUND redis-15861.crce263.ap-south-1-1.ec2.cloud.redislabs.com
2026-04-26 00:51:49 [error]: Redis error: getaddrinfo ENOTFOUND redis-15861.crce263.ap-south-1-1.ec2.cloud.redislabs.com
2026-04-26 00:51:51 [error]: Redis error: getaddrinfo ENOTFOUND redis-15861.crce263.ap-south-1-1.ec2.cloud.redislabs.com
2026-04-26 00:51:53 [error]: Redis: max reconnect attempts reached.
2026-04-26 00:51:53 [error]: Redis error: getaddrinfo ENOTFOUND redis-15861.crce263.ap-south-1-1.ec2.cloud.redislabs.com
2026-04-26 00:51:53 [error]: Redis initial connection failed: Max reconnect attempts
2026-04-26 00:52:22 [error]: Redis error: getaddrinfo ENOTFOUND redis-15861.crce263.ap-south-1-1.ec2.cloud.redislabs.com
2026-04-26 00:52:22 [error]: Redis error: getaddrinfo ENOTFOUND redis-15861.crce263.ap-south-1-1.ec2.cloud.redislabs.com
2026-04-26 00:52:22 [error]: Redis error: getaddrinfo ENOTFOUND redis-15861.crce263.ap-south-1-1.ec2.cloud.redislabs.com
2026-04-26 00:52:23 [error]: Redis error: getaddrinfo ENOTFOUND redis-15861.crce263.ap-south-1-1.ec2.cloud.redislabs.com
2026-04-26 00:52:23 [error]: Redis error: getaddrinfo ENOTFOUND redis-15861.crce263.ap-south-1-1.ec2.cloud.redislabs.com
2026-04-26 00:52:24 [error]: Redis error: getaddrinfo ENOTFOUND redis-15861.crce263.ap-south-1-1.ec2.cloud.redislabs.com
2026-04-26 00:52:25 [error]: Redis error: getaddrinfo ENOTFOUND redis-15861.crce263.ap-south-1-1.ec2.cloud.redislabs.com
2026-04-26 00:52:26 [error]: Redis error: getaddrinfo ENOTFOUND redis-15861.crce263.ap-south-1-1.ec2.cloud.redislabs.com
2026-04-26 00:52:28 [error]: Redis error: getaddrinfo ENOTFOUND redis-15861.crce263.ap-south-1-1.ec2.cloud.redislabs.com
2026-04-26 00:52:29 [error]: Redis error: getaddrinfo ENOTFOUND redis-15861.crce263.ap-south-1-1.ec2.cloud.redislabs.com
2026-04-26 00:52:31 [error]: Redis error: getaddrinfo ENOTFOUND redis-15861.crce263.ap-south-1-1.ec2.cloud.redislabs.com
2026-04-26 00:52:33 [error]: Redis: max reconnect attempts reached.
2026-04-26 00:52:33 [error]: Redis error: getaddrinfo ENOTFOUND redis-15861.crce263.ap-south-1-1.ec2.cloud.redislabs.com
2026-04-26 00:52:33 [error]: Redis initial connection failed: Max reconnect attempts
2026-04-26 00:53:53 [error]: Redis error: Port should be >= 0 and < 65536. Received type number (NaN).
2026-04-26 00:53:53 [error]: Redis error: Port should be >= 0 and < 65536. Received type number (NaN).
2026-04-26 00:53:53 [error]: Redis error: Port should be >= 0 and < 65536. Received type number (NaN).
2026-04-26 00:53:53 [error]: Redis error: Port should be >= 0 and < 65536. Received type number (NaN).
2026-04-26 00:53:54 [error]: Redis error: Port should be >= 0 and < 65536. Received type number (NaN).
2026-04-26 00:53:55 [error]: Redis error: Port should be >= 0 and < 65536. Received type number (NaN).
2026-04-26 00:53:56 [error]: Redis error: Port should be >= 0 and < 65536. Received type number (NaN).
2026-04-26 00:53:57 [error]: Redis error: Port should be >= 0 and < 65536. Received type number (NaN).
2026-04-26 00:53:58 [error]: Redis error: Port should be >= 0 and < 65536. Received type number (NaN).
2026-04-26 00:54:00 [error]: Redis error: Port should be >= 0 and < 65536. Received type number (NaN).
2026-04-26 00:54:02 [error]: Redis error: Port should be >= 0 and < 65536. Received type number (NaN).
2026-04-26 00:54:04 [error]: Redis: max reconnect attempts reached.
2026-04-26 00:54:04 [error]: Redis error: Port should be >= 0 and < 65536. Received type number (NaN).
2026-04-26 00:54:04 [error]: Redis initial connection failed: Max reconnect attempts
2026-04-26 00:58:31 [error]: Redis error: getaddrinfo EAI_FAIL redis://default:D4NDUA4MdOLnVkHxq8of7D8OYE80cDML@redis-14611.c92.us-east-1-3.ec2.cloud.redislabs.com
2026-04-26 00:58:31 [error]: Redis error: getaddrinfo EAI_FAIL redis://default:D4NDUA4MdOLnVkHxq8of7D8OYE80cDML@redis-14611.c92.us-east-1-3.ec2.cloud.redislabs.com
2026-04-26 00:58:31 [error]: Redis error: getaddrinfo EAI_FAIL redis://default:D4NDUA4MdOLnVkHxq8of7D8OYE80cDML@redis-14611.c92.us-east-1-3.ec2.cloud.redislabs.com
2026-04-26 00:58:32 [error]: Redis error: getaddrinfo EAI_FAIL redis://default:D4NDUA4MdOLnVkHxq8of7D8OYE80cDML@redis-14611.c92.us-east-1-3.ec2.cloud.redislabs.com
2026-04-26 00:58:32 [error]: Redis error: getaddrinfo EAI_FAIL redis://default:D4NDUA4MdOLnVkHxq8of7D8OYE80cDML@redis-14611.c92.us-east-1-3.ec2.cloud.redislabs.com
2026-04-26 00:58:33 [error]: Redis error: getaddrinfo EAI_FAIL redis://default:D4NDUA4MdOLnVkHxq8of7D8OYE80cDML@redis-14611.c92.us-east-1-3.ec2.cloud.redislabs.com
2026-04-26 00:58:34 [error]: Redis error: getaddrinfo EAI_FAIL redis://default:D4NDUA4MdOLnVkHxq8of7D8OYE80cDML@redis-14611.c92.us-east-1-3.ec2.cloud.redislabs.com
2026-04-26 00:58:35 [error]: Redis error: getaddrinfo EAI_FAIL redis://default:D4NDUA4MdOLnVkHxq8of7D8OYE80cDML@redis-14611.c92.us-east-1-3.ec2.cloud.redislabs.com
2026-04-26 00:58:37 [error]: Redis error: getaddrinfo EAI_FAIL redis://default:D4NDUA4MdOLnVkHxq8of7D8OYE80cDML@redis-14611.c92.us-east-1-3.ec2.cloud.redislabs.com
2026-04-26 00:58:38 [error]: Redis error: getaddrinfo EAI_FAIL redis://default:D4NDUA4MdOLnVkHxq8of7D8OYE80cDML@redis-14611.c92.us-east-1-3.ec2.cloud.redislabs.com
2026-04-26 00:58:40 [error]: Redis error: getaddrinfo EAI_FAIL redis://default:D4NDUA4MdOLnVkHxq8of7D8OYE80cDML@redis-14611.c92.us-east-1-3.ec2.cloud.redislabs.com
2026-04-26 00:58:42 [error]: Redis: max reconnect attempts reached.
2026-04-26 00:58:42 [error]: Redis error: getaddrinfo EAI_FAIL redis://default:D4NDUA4MdOLnVkHxq8of7D8OYE80cDML@redis-14611.c92.us-east-1-3.ec2.cloud.redislabs.com
2026-04-26 00:58:42 [error]: Redis initial connection failed: Max reconnect attempts
2026-04-26 01:11:04 [error]: Redis error: getaddrinfo ENOTFOUND 14611.c92.us-east-1-3.ec2.cloud.redislabs.com
2026-04-26 01:11:04 [error]: Redis error: getaddrinfo ENOTFOUND 14611.c92.us-east-1-3.ec2.cloud.redislabs.com
2026-04-26 01:11:04 [error]: Redis error: getaddrinfo ENOTFOUND 14611.c92.us-east-1-3.ec2.cloud.redislabs.com
2026-04-26 01:11:04 [error]: Redis error: getaddrinfo ENOTFOUND 14611.c92.us-east-1-3.ec2.cloud.redislabs.com
2026-04-26 01:11:05 [error]: Redis error: getaddrinfo ENOTFOUND 14611.c92.us-east-1-3.ec2.cloud.redislabs.com
2026-04-26 01:11:06 [error]: Redis error: getaddrinfo ENOTFOUND 14611.c92.us-east-1-3.ec2.cloud.redislabs.com
2026-04-26 01:11:07 [error]: Redis error: getaddrinfo ENOTFOUND 14611.c92.us-east-1-3.ec2.cloud.redislabs.com
2026-04-26 01:11:08 [error]: Redis error: getaddrinfo ENOTFOUND 14611.c92.us-east-1-3.ec2.cloud.redislabs.com
2026-04-26 01:11:10 [error]: Redis error: getaddrinfo ENOTFOUND 14611.c92.us-east-1-3.ec2.cloud.redislabs.com
2026-04-26 01:11:11 [error]: Redis error: getaddrinfo ENOTFOUND 14611.c92.us-east-1-3.ec2.cloud.redislabs.com
2026-04-26 01:11:13 [error]: Redis error: getaddrinfo ENOTFOUND 14611.c92.us-east-1-3.ec2.cloud.redislabs.com
2026-04-26 01:11:15 [error]: Redis: max reconnect attempts reached.
2026-04-26 01:11:15 [error]: Redis error: getaddrinfo ENOTFOUND 14611.c92.us-east-1-3.ec2.cloud.redislabs.com
2026-04-26 01:11:15 [error]: Redis initial connection failed: Max reconnect attempts
2026-04-26 01:13:24 [error]: Redis error: getaddrinfo ENOTFOUND 14611.c92.us-east-1-3.ec2.cloud.redislabs.com
2026-04-26 01:13:24 [error]: Redis error: getaddrinfo ENOTFOUND 14611.c92.us-east-1-3.ec2.cloud.redislabs.com
2026-04-26 01:13:24 [error]: Redis error: getaddrinfo ENOTFOUND 14611.c92.us-east-1-3.ec2.cloud.redislabs.com
2026-04-26 01:13:24 [error]: Redis error: getaddrinfo ENOTFOUND 14611.c92.us-east-1-3.ec2.cloud.redislabs.com
2026-04-26 01:13:25 [error]: Redis error: getaddrinfo ENOTFOUND 14611.c92.us-east-1-3.ec2.cloud.redislabs.com
2026-04-26 01:13:26 [error]: Redis error: getaddrinfo ENOTFOUND 14611.c92.us-east-1-3.ec2.cloud.redislabs.com
2026-04-26 01:13:27 [error]: Redis error: getaddrinfo ENOTFOUND 14611.c92.us-east-1-3.ec2.cloud.redislabs.com
2026-04-26 01:13:28 [error]: Redis error: getaddrinfo ENOTFOUND 14611.c92.us-east-1-3.ec2.cloud.redislabs.com
2026-04-26 01:13:30 [error]: Redis error: getaddrinfo ENOTFOUND 14611.c92.us-east-1-3.ec2.cloud.redislabs.com
2026-04-26 01:13:34 [error]: Redis error: getaddrinfo ENOTFOUND 14611.c92.us-east-1-3.ec2.cloud.redislabs.com
2026-04-26 01:13:34 [error]: Redis error: getaddrinfo ENOTFOUND 14611.c92.us-east-1-3.ec2.cloud.redislabs.com
2026-04-26 01:13:34 [error]: Redis error: getaddrinfo ENOTFOUND 14611.c92.us-east-1-3.ec2.cloud.redislabs.com
2026-04-26 01:13:35 [error]: Redis error: getaddrinfo ENOTFOUND 14611.c92.us-east-1-3.ec2.cloud.redislabs.com
2026-04-26 01:13:35 [error]: Redis error: getaddrinfo ENOTFOUND 14611.c92.us-east-1-3.ec2.cloud.redislabs.com
2026-04-26 01:13:36 [error]: Redis error: getaddrinfo ENOTFOUND 14611.c92.us-east-1-3.ec2.cloud.redislabs.com
2026-04-26 01:13:37 [error]: Redis error: getaddrinfo ENOTFOUND 14611.c92.us-east-1-3.ec2.cloud.redislabs.com
2026-04-26 01:13:39 [error]: Redis error: getaddrinfo ENOTFOUND 14611.c92.us-east-1-3.ec2.cloud.redislabs.com
2026-04-26 01:13:40 [error]: Redis error: getaddrinfo ENOTFOUND 14611.c92.us-east-1-3.ec2.cloud.redislabs.com
2026-04-26 01:13:42 [error]: Redis error: getaddrinfo ENOTFOUND 14611.c92.us-east-1-3.ec2.cloud.redislabs.com
2026-04-26 01:13:43 [error]: Redis error: getaddrinfo ENOTFOUND 14611.c92.us-east-1-3.ec2.cloud.redislabs.com
2026-04-26 01:13:45 [error]: Redis: max reconnect attempts reached.
2026-04-26 01:13:45 [error]: Redis error: getaddrinfo ENOTFOUND 14611.c92.us-east-1-3.ec2.cloud.redislabs.com
2026-04-26 01:13:45 [error]: Redis initial connection failed: Max reconnect attempts
2026-04-26 01:23:01 [error]: Redis error: getaddrinfo ENOTFOUND 14611.c92.us-east-1-3.ec2.cloud.redislabs.com
2026-04-26 01:23:01 [error]: Redis error: getaddrinfo ENOTFOUND 14611.c92.us-east-1-3.ec2.cloud.redislabs.com
2026-04-26 01:23:01 [error]: Redis error: getaddrinfo ENOTFOUND 14611.c92.us-east-1-3.ec2.cloud.redislabs.com
2026-04-26 01:23:01 [error]: Redis error: getaddrinfo ENOTFOUND 14611.c92.us-east-1-3.ec2.cloud.redislabs.com
2026-04-26 01:23:02 [error]: Redis error: getaddrinfo ENOTFOUND 14611.c92.us-east-1-3.ec2.cloud.redislabs.com
2026-04-26 01:23:03 [error]: Redis error: getaddrinfo ENOTFOUND 14611.c92.us-east-1-3.ec2.cloud.redislabs.com
2026-04-26 01:23:04 [error]: Redis error: getaddrinfo ENOTFOUND 14611.c92.us-east-1-3.ec2.cloud.redislabs.com
2026-04-26 01:23:05 [error]: Redis error: getaddrinfo ENOTFOUND 14611.c92.us-east-1-3.ec2.cloud.redislabs.com
2026-04-26 01:23:07 [error]: Redis error: getaddrinfo ENOTFOUND 14611.c92.us-east-1-3.ec2.cloud.redislabs.com
2026-04-26 01:23:08 [error]: Redis error: getaddrinfo ENOTFOUND 14611.c92.us-east-1-3.ec2.cloud.redislabs.com
2026-04-26 01:23:10 [error]: Redis error: getaddrinfo ENOTFOUND 14611.c92.us-east-1-3.ec2.cloud.redislabs.com
2026-04-26 01:23:12 [error]: Redis: max reconnect attempts reached.
2026-04-26 01:23:12 [error]: Redis error: getaddrinfo ENOTFOUND 14611.c92.us-east-1-3.ec2.cloud.redislabs.com
2026-04-26 01:23:12 [error]: Redis initial connection failed: Max reconnect attempts
2026-04-26 01:24:35 [error]: Redis error: getaddrinfo ENOTFOUND 14611.c92.us-east-1-3.ec2.cloud.redislabs.com
2026-04-26 01:24:35 [error]: Redis error: getaddrinfo ENOTFOUND 14611.c92.us-east-1-3.ec2.cloud.redislabs.com
2026-04-26 01:24:35 [error]: Redis error: getaddrinfo ENOTFOUND 14611.c92.us-east-1-3.ec2.cloud.redislabs.com
2026-04-26 01:24:35 [error]: Redis error: getaddrinfo ENOTFOUND 14611.c92.us-east-1-3.ec2.cloud.redislabs.com
2026-04-26 01:24:36 [error]: Redis error: getaddrinfo ENOTFOUND 14611.c92.us-east-1-3.ec2.cloud.redislabs.com
2026-04-26 01:24:37 [error]: Redis error: getaddrinfo ENOTFOUND 14611.c92.us-east-1-3.ec2.cloud.redislabs.com
2026-04-26 01:24:38 [error]: Redis error: getaddrinfo ENOTFOUND 14611.c92.us-east-1-3.ec2.cloud.redislabs.com
2026-04-26 01:24:39 [error]: Redis error: getaddrinfo ENOTFOUND 14611.c92.us-east-1-3.ec2.cloud.redislabs.com
2026-04-26 01:24:49 [error]: Redis error: getaddrinfo ENOTFOUND 14611.c92.us-east-1-3.ec2.cloud.redislabs.com
2026-04-26 01:24:49 [error]: Redis error: getaddrinfo ENOTFOUND 14611.c92.us-east-1-3.ec2.cloud.redislabs.com
2026-04-26 01:24:54 [error]: Redis error: getaddrinfo ENOTFOUND 14611.c92.us-east-1-3.ec2.cloud.redislabs.com
2026-04-26 01:24:55 [error]: Redis error: getaddrinfo ENOTFOUND 14611.c92.us-east-1-3.ec2.cloud.redislabs.com
2026-04-26 01:24:55 [error]: Redis error: getaddrinfo ENOTFOUND 14611.c92.us-east-1-3.ec2.cloud.redislabs.com
2026-04-26 01:24:55 [error]: Redis error: getaddrinfo ENOTFOUND 14611.c92.us-east-1-3.ec2.cloud.redislabs.com
2026-04-26 01:24:56 [error]: Redis error: getaddrinfo ENOTFOUND 14611.c92.us-east-1-3.ec2.cloud.redislabs.com
2026-04-26 01:24:57 [error]: Redis error: getaddrinfo ENOTFOUND 14611.c92.us-east-1-3.ec2.cloud.redislabs.com
2026-04-26 01:24:58 [error]: Redis error: getaddrinfo ENOTFOUND 14611.c92.us-east-1-3.ec2.cloud.redislabs.com
2026-04-26 01:24:59 [error]: Redis error: getaddrinfo ENOTFOUND 14611.c92.us-east-1-3.ec2.cloud.redislabs.com
2026-04-26 01:25:05 [error]: Redis error: getaddrinfo ENOTFOUND 14611.c92.us-east-1-3.ec2.cloud.redislabs.com
2026-04-26 01:25:05 [error]: Redis error: getaddrinfo ENOTFOUND 14611.c92.us-east-1-3.ec2.cloud.redislabs.com
2026-04-26 01:25:05 [error]: Redis error: getaddrinfo ENOTFOUND 14611.c92.us-east-1-3.ec2.cloud.redislabs.com
2026-04-26 01:25:05 [error]: Redis error: getaddrinfo ENOTFOUND 14611.c92.us-east-1-3.ec2.cloud.redislabs.com
2026-04-26 01:25:06 [error]: Redis error: getaddrinfo ENOTFOUND 14611.c92.us-east-1-3.ec2.cloud.redislabs.com
2026-04-26 01:25:07 [error]: Redis error: getaddrinfo ENOTFOUND 14611.c92.us-east-1-3.ec2.cloud.redislabs.com
2026-04-26 01:25:08 [error]: Redis error: getaddrinfo ENOTFOUND 14611.c92.us-east-1-3.ec2.cloud.redislabs.com
2026-04-26 01:25:09 [error]: Redis error: getaddrinfo ENOTFOUND 14611.c92.us-east-1-3.ec2.cloud.redislabs.com
2026-04-26 01:25:10 [error]: Redis error: getaddrinfo ENOTFOUND 14611.c92.us-east-1-3.ec2.cloud.redislabs.com
2026-04-26 01:25:12 [error]: Redis error: getaddrinfo ENOTFOUND 14611.c92.us-east-1-3.ec2.cloud.redislabs.com
2026-04-26 01:25:14 [error]: Redis error: getaddrinfo ENOTFOUND 14611.c92.us-east-1-3.ec2.cloud.redislabs.com
2026-04-26 01:25:16 [error]: Redis: max reconnect attempts reached.
2026-04-26 01:25:16 [error]: Redis error: getaddrinfo ENOTFOUND 14611.c92.us-east-1-3.ec2.cloud.redislabs.com
2026-04-26 01:25:16 [error]: Redis initial connection failed: Max reconnect attempts
2026-04-26 01:27:49 [error]: [POST] /api/user/register → Expected double-quoted property name in JSON at position 131 (line 6 column 1)
2026-04-26 01:28:23 [error]: Redis error: Connection timeout
2026-04-26 01:28:23 [error]: Redis error: getaddrinfo ENOTFOUND 14611.c92.us-east-1-3.ec2.cloud.redislabs.com
2026-04-26 01:28:23 [error]: Redis error: getaddrinfo ENOTFOUND 14611.c92.us-east-1-3.ec2.cloud.redislabs.com
2026-04-26 01:28:23 [error]: Redis error: getaddrinfo ENOTFOUND 14611.c92.us-east-1-3.ec2.cloud.redislabs.com
2026-04-26 01:28:34 [error]: Redis error: getaddrinfo ENOTFOUND 14611.c92.us-east-1-3.ec2.cloud.redislabs.com
2026-04-26 01:28:34 [error]: Redis error: getaddrinfo ENOTFOUND 14611.c92.us-east-1-3.ec2.cloud.redislabs.com
2026-04-26 01:28:34 [error]: Redis error: getaddrinfo ENOTFOUND 14611.c92.us-east-1-3.ec2.cloud.redislabs.com
2026-04-26 01:28:35 [error]: Redis error: getaddrinfo ENOTFOUND 14611.c92.us-east-1-3.ec2.cloud.redislabs.com
2026-04-26 01:28:35 [error]: Redis error: getaddrinfo ENOTFOUND 14611.c92.us-east-1-3.ec2.cloud.redislabs.com
2026-04-26 01:28:36 [error]: Redis error: getaddrinfo ENOTFOUND 14611.c92.us-east-1-3.ec2.cloud.redislabs.com
2026-04-26 01:28:37 [error]: Redis error: getaddrinfo ENOTFOUND 14611.c92.us-east-1-3.ec2.cloud.redislabs.com
2026-04-26 01:28:39 [error]: [POST] /api/user/register → Expected double-quoted property name in JSON at position 131 (line 6 column 1)
2026-04-26 01:28:39 [error]: Redis error: getaddrinfo ENOTFOUND 14611.c92.us-east-1-3.ec2.cloud.redislabs.com
2026-04-26 01:28:40 [error]: Redis error: getaddrinfo ENOTFOUND 14611.c92.us-east-1-3.ec2.cloud.redislabs.com
2026-04-26 01:28:42 [error]: Redis error: getaddrinfo ENOTFOUND 14611.c92.us-east-1-3.ec2.cloud.redislabs.com
2026-04-26 01:28:42 [error]: [POST] /api/user/register → Invalid phone number. Format: +91XXXXXXXXXX
2026-04-26 01:28:43 [error]: Redis error: getaddrinfo ENOTFOUND 14611.c92.us-east-1-3.ec2.cloud.redislabs.com
2026-04-26 01:28:45 [error]: Redis: max reconnect attempts reached.
2026-04-26 01:28:45 [error]: Redis error: getaddrinfo ENOTFOUND 14611.c92.us-east-1-3.ec2.cloud.redislabs.com
2026-04-26 01:28:45 [error]: Redis initial connection failed: Max reconnect attempts
2026-04-26 01:29:05 [error]: [POST] /api/user/register → Unexpected token '+', ...""mobile": +919691938"... is not valid JSON
2026-04-26 01:29:17 [error]: [POST] /api/user/register → Unexpected token '+', ...""mobile": +91 969193"... is not valid JSON
2026-04-26 01:29:31 [error]: Redis error: getaddrinfo ENOTFOUND 14611.c92.us-east-1-3.ec2.cloud.redislabs.com
2026-04-26 01:29:31 [error]: Redis error: getaddrinfo ENOTFOUND 14611.c92.us-east-1-3.ec2.cloud.redislabs.com
2026-04-26 01:29:31 [error]: Redis error: getaddrinfo ENOTFOUND 14611.c92.us-east-1-3.ec2.cloud.redislabs.com
2026-04-26 01:29:32 [error]: Redis error: getaddrinfo ENOTFOUND 14611.c92.us-east-1-3.ec2.cloud.redislabs.com
2026-04-26 01:29:32 [error]: Redis error: getaddrinfo ENOTFOUND 14611.c92.us-east-1-3.ec2.cloud.redislabs.com
2026-04-26 01:29:33 [error]: Redis error: getaddrinfo ENOTFOUND 14611.c92.us-east-1-3.ec2.cloud.redislabs.com
2026-04-26 01:29:34 [error]: Redis error: getaddrinfo ENOTFOUND 14611.c92.us-east-1-3.ec2.cloud.redislabs.com
2026-04-26 01:29:35 [error]: Redis error: getaddrinfo ENOTFOUND 14611.c92.us-east-1-3.ec2.cloud.redislabs.com
2026-04-26 01:29:37 [error]: Redis error: getaddrinfo ENOTFOUND 14611.c92.us-east-1-3.ec2.cloud.redislabs.com
2026-04-26 01:29:38 [error]: [POST] /api/user/register → Invalid phone number. Format: +91XXXXXXXXXX
2026-04-26 01:29:38 [error]: Redis error: getaddrinfo ENOTFOUND 14611.c92.us-east-1-3.ec2.cloud.redislabs.com
2026-04-26 01:29:40 [error]: Redis error: getaddrinfo ENOTFOUND 14611.c92.us-east-1-3.ec2.cloud.redislabs.com
2026-04-26 01:29:42 [error]: Redis: max reconnect attempts reached.
2026-04-26 01:29:42 [error]: Redis error: getaddrinfo ENOTFOUND 14611.c92.us-east-1-3.ec2.cloud.redislabs.com
2026-04-26 01:29:42 [error]: Redis initial connection failed: Max reconnect attempts
2026-04-26 01:29:59 [error]: Redis error: getaddrinfo ENOTFOUND 14611.c92.us-east-1-3.ec2.cloud.redislabs.com
2026-04-26 01:29:59 [error]: Redis error: getaddrinfo ENOTFOUND 14611.c92.us-east-1-3.ec2.cloud.redislabs.com
2026-04-26 01:29:59 [error]: Redis error: getaddrinfo ENOTFOUND 14611.c92.us-east-1-3.ec2.cloud.redislabs.com
2026-04-26 01:30:00 [error]: Redis error: getaddrinfo ENOTFOUND 14611.c92.us-east-1-3.ec2.cloud.redislabs.com
2026-04-26 01:30:00 [error]: Redis error: getaddrinfo ENOTFOUND 14611.c92.us-east-1-3.ec2.cloud.redislabs.com
2026-04-26 01:30:01 [error]: Redis error: getaddrinfo ENOTFOUND 14611.c92.us-east-1-3.ec2.cloud.redislabs.com
2026-04-26 01:30:06 [error]: Redis error: getaddrinfo ENOTFOUND 14611.c92.us-east-1-3.ec2.cloud.redislabs.com
2026-04-26 01:30:06 [error]: Redis error: getaddrinfo ENOTFOUND 14611.c92.us-east-1-3.ec2.cloud.redislabs.com
2026-04-26 01:30:07 [error]: Redis error: getaddrinfo ENOTFOUND 14611.c92.us-east-1-3.ec2.cloud.redislabs.com
2026-04-26 01:30:07 [error]: Redis error: getaddrinfo ENOTFOUND 14611.c92.us-east-1-3.ec2.cloud.redislabs.com
2026-04-26 01:30:08 [error]: Redis error: getaddrinfo ENOTFOUND 14611.c92.us-east-1-3.ec2.cloud.redislabs.com
2026-04-26 01:30:08 [error]: Redis error: getaddrinfo ENOTFOUND 14611.c92.us-east-1-3.ec2.cloud.redislabs.com
2026-04-26 01:30:09 [error]: Redis error: getaddrinfo ENOTFOUND 14611.c92.us-east-1-3.ec2.cloud.redislabs.com
2026-04-26 01:30:11 [error]: Redis error: getaddrinfo ENOTFOUND 14611.c92.us-east-1-3.ec2.cloud.redislabs.com
2026-04-26 01:30:12 [error]: Redis error: getaddrinfo ENOTFOUND 14611.c92.us-east-1-3.ec2.cloud.redislabs.com
2026-04-26 01:30:14 [error]: Redis error: getaddrinfo ENOTFOUND 14611.c92.us-east-1-3.ec2.cloud.redislabs.com
2026-04-26 01:30:16 [error]: Redis error: getaddrinfo ENOTFOUND 14611.c92.us-east-1-3.ec2.cloud.redislabs.com
2026-04-26 01:30:18 [error]: Redis: max reconnect attempts reached.
2026-04-26 01:30:18 [error]: Redis error: getaddrinfo ENOTFOUND 14611.c92.us-east-1-3.ec2.cloud.redislabs.com
2026-04-26 01:30:18 [error]: Redis initial connection failed: Max reconnect attempts
2026-04-26 01:30:26 [error]: [POST] /api/user/register → Invalid phone number. Format: XXXXXXXXXX
2026-04-26 01:30:38 [error]: Redis error: getaddrinfo ENOTFOUND 14611.c92.us-east-1-3.ec2.cloud.redislabs.com
2026-04-26 01:30:38 [error]: Redis error: getaddrinfo ENOTFOUND 14611.c92.us-east-1-3.ec2.cloud.redislabs.com
2026-04-26 01:30:39 [error]: Redis error: getaddrinfo ENOTFOUND 14611.c92.us-east-1-3.ec2.cloud.redislabs.com
2026-04-26 01:30:39 [error]: Redis error: getaddrinfo ENOTFOUND 14611.c92.us-east-1-3.ec2.cloud.redislabs.com
2026-04-26 01:30:40 [error]: Redis error: getaddrinfo ENOTFOUND 14611.c92.us-east-1-3.ec2.cloud.redislabs.com
2026-04-26 01:30:40 [error]: Redis error: getaddrinfo ENOTFOUND 14611.c92.us-east-1-3.ec2.cloud.redislabs.com
2026-04-26 01:30:41 [error]: Redis error: getaddrinfo ENOTFOUND 14611.c92.us-east-1-3.ec2.cloud.redislabs.com
2026-04-26 01:30:43 [error]: Redis error: getaddrinfo ENOTFOUND 14611.c92.us-east-1-3.ec2.cloud.redislabs.com
2026-04-26 01:30:44 [error]: Redis error: getaddrinfo ENOTFOUND 14611.c92.us-east-1-3.ec2.cloud.redislabs.com
2026-04-26 01:30:46 [error]: Redis error: getaddrinfo ENOTFOUND 14611.c92.us-east-1-3.ec2.cloud.redislabs.com
2026-04-26 01:30:47 [error]: Redis error: getaddrinfo ENOTFOUND 14611.c92.us-east-1-3.ec2.cloud.redislabs.com
2026-04-26 01:30:49 [error]: Redis: max reconnect attempts reached.
2026-04-26 01:30:49 [error]: Redis error: getaddrinfo ENOTFOUND 14611.c92.us-east-1-3.ec2.cloud.redislabs.com
2026-04-26 01:30:49 [error]: Redis initial connection failed: Max reconnect attempts
2026-04-26 01:33:12 [error]: Email failed to testuser@gmail.com: Invalid login: 535-5.7.8 Username and Password not accepted. For more information, go to
535 5.7.8  https://support.google.com/mail/?p=BadCredentials d9443c01a7336-2b5faa33486sm314950785ad.33 - gsmtp
2026-04-26 01:33:12 [error]: Failed to send OTP: Invalid login: 535-5.7.8 Username and Password not accepted. For more information, go to
535 5.7.8  https://support.google.com/mail/?p=BadCredentials d9443c01a7336-2b5faa33486sm314950785ad.33 - gsmtp
2026-04-26 01:34:23 [error]: Redis error: getaddrinfo ENOTFOUND 14611.c92.us-east-1-3.ec2.cloud.redislabs.com
2026-04-26 01:34:23 [error]: Redis error: getaddrinfo ENOTFOUND 14611.c92.us-east-1-3.ec2.cloud.redislabs.com
2026-04-26 01:34:23 [error]: Redis error: getaddrinfo ENOTFOUND 14611.c92.us-east-1-3.ec2.cloud.redislabs.com
2026-04-26 01:34:24 [error]: Redis error: getaddrinfo ENOTFOUND 14611.c92.us-east-1-3.ec2.cloud.redislabs.com
2026-04-26 01:34:24 [error]: Redis error: getaddrinfo ENOTFOUND 14611.c92.us-east-1-3.ec2.cloud.redislabs.com
2026-04-26 01:34:25 [error]: Redis error: getaddrinfo ENOTFOUND 14611.c92.us-east-1-3.ec2.cloud.redislabs.com
2026-04-26 01:34:26 [error]: Redis error: getaddrinfo ENOTFOUND 14611.c92.us-east-1-3.ec2.cloud.redislabs.com
2026-04-26 01:34:27 [error]: Redis error: getaddrinfo ENOTFOUND 14611.c92.us-east-1-3.ec2.cloud.redislabs.com
2026-04-26 01:34:29 [error]: Redis error: getaddrinfo ENOTFOUND 14611.c92.us-east-1-3.ec2.cloud.redislabs.com
2026-04-26 01:34:30 [error]: Redis error: getaddrinfo ENOTFOUND 14611.c92.us-east-1-3.ec2.cloud.redislabs.com
2026-04-26 01:34:32 [error]: Redis error: getaddrinfo ENOTFOUND 14611.c92.us-east-1-3.ec2.cloud.redislabs.com
2026-04-26 01:34:34 [error]: Redis: max reconnect attempts reached.
2026-04-26 01:34:34 [error]: Redis error: getaddrinfo ENOTFOUND 14611.c92.us-east-1-3.ec2.cloud.redislabs.com
2026-04-26 01:34:34 [error]: Redis initial connection failed: Max reconnect attempts
2026-04-26 01:34:35 [error]: [POST] /api/user/login/send-otp → Cast to ObjectId failed for value "2dcc71bf-8d67-4cc5-a72c-c0deeb5ddf84" (type string) at path "_id" for model "User"
2026-04-26 01:34:47 [error]: Redis error: getaddrinfo ENOTFOUND 14611.c92.us-east-1-3.ec2.cloud.redislabs.com
2026-04-26 01:34:47 [error]: Redis error: getaddrinfo ENOTFOUND 14611.c92.us-east-1-3.ec2.cloud.redislabs.com
2026-04-26 01:34:47 [error]: Redis error: getaddrinfo ENOTFOUND 14611.c92.us-east-1-3.ec2.cloud.redislabs.com
2026-04-26 01:34:48 [error]: Redis error: getaddrinfo ENOTFOUND 14611.c92.us-east-1-3.ec2.cloud.redislabs.com
2026-04-26 01:34:48 [error]: Redis error: getaddrinfo ENOTFOUND 14611.c92.us-east-1-3.ec2.cloud.redislabs.com
2026-04-26 01:34:55 [error]: Redis error: getaddrinfo ENOTFOUND 14611.c92.us-east-1-3.ec2.cloud.redislabs.com
2026-04-26 01:34:55 [error]: Redis error: getaddrinfo ENOTFOUND 14611.c92.us-east-1-3.ec2.cloud.redislabs.com
2026-04-26 01:34:56 [error]: Redis error: getaddrinfo ENOTFOUND 14611.c92.us-east-1-3.ec2.cloud.redislabs.com
2026-04-26 01:34:56 [error]: Redis error: getaddrinfo ENOTFOUND 14611.c92.us-east-1-3.ec2.cloud.redislabs.com
2026-04-26 01:35:02 [error]: Redis error: getaddrinfo ENOTFOUND 14611.c92.us-east-1-3.ec2.cloud.redislabs.com
2026-04-26 01:35:02 [error]: Redis error: getaddrinfo ENOTFOUND 14611.c92.us-east-1-3.ec2.cloud.redislabs.com
2026-04-26 01:35:02 [error]: Redis error: getaddrinfo ENOTFOUND 14611.c92.us-east-1-3.ec2.cloud.redislabs.com
2026-04-26 01:35:03 [error]: Redis error: getaddrinfo ENOTFOUND 14611.c92.us-east-1-3.ec2.cloud.redislabs.com
2026-04-26 01:35:03 [error]: Redis error: getaddrinfo ENOTFOUND 14611.c92.us-east-1-3.ec2.cloud.redislabs.com
2026-04-26 01:35:04 [error]: Redis error: getaddrinfo ENOTFOUND 14611.c92.us-east-1-3.ec2.cloud.redislabs.com
2026-04-26 01:35:06 [error]: Redis error: getaddrinfo ENOTFOUND 14611.c92.us-east-1-3.ec2.cloud.redislabs.com
2026-04-26 01:35:07 [error]: Redis error: getaddrinfo ENOTFOUND 14611.c92.us-east-1-3.ec2.cloud.redislabs.com
2026-04-26 01:35:09 [error]: Redis error: getaddrinfo ENOTFOUND 14611.c92.us-east-1-3.ec2.cloud.redislabs.com
2026-04-26 01:35:10 [error]: Redis error: getaddrinfo ENOTFOUND 14611.c92.us-east-1-3.ec2.cloud.redislabs.com
2026-04-26 01:35:12 [error]: Redis error: getaddrinfo ENOTFOUND 14611.c92.us-east-1-3.ec2.cloud.redislabs.com
2026-04-26 01:35:17 [error]: Redis error: getaddrinfo ENOTFOUND 14611.c92.us-east-1-3.ec2.cloud.redislabs.com
2026-04-26 01:35:17 [error]: Redis error: getaddrinfo ENOTFOUND 14611.c92.us-east-1-3.ec2.cloud.redislabs.com
2026-04-26 01:35:17 [error]: Redis error: getaddrinfo ENOTFOUND 14611.c92.us-east-1-3.ec2.cloud.redislabs.com
2026-04-26 01:35:18 [error]: Redis error: getaddrinfo ENOTFOUND 14611.c92.us-east-1-3.ec2.cloud.redislabs.com
2026-04-26 01:35:18 [error]: Redis error: getaddrinfo ENOTFOUND 14611.c92.us-east-1-3.ec2.cloud.redislabs.com
2026-04-26 01:35:19 [error]: Redis error: getaddrinfo ENOTFOUND 14611.c92.us-east-1-3.ec2.cloud.redislabs.com
2026-04-26 01:35:20 [error]: Redis error: getaddrinfo ENOTFOUND 14611.c92.us-east-1-3.ec2.cloud.redislabs.com
2026-04-26 01:35:21 [error]: Redis error: getaddrinfo ENOTFOUND 14611.c92.us-east-1-3.ec2.cloud.redislabs.com
2026-04-26 01:35:22 [error]: in login otp Cast to ObjectId failed for value "2dcc71bf-8d67-4cc5-a72c-c0deeb5ddf84" (type string) at path "_id" for model "User"
CastError: Cast to ObjectId failed for value "2dcc71bf-8d67-4cc5-a72c-c0deeb5ddf84" (type string) at path "_id" for model "User"
    at SchemaObjectId.cast (C:\Users\unnat\OneDrive\Desktop\My_Projects\LMS-project\Backend\node_modules\mongoose\lib\schema\objectId.js:253:11)
    at SchemaObjectId.SchemaType.applySetters (C:\Users\unnat\OneDrive\Desktop\My_Projects\LMS-project\Backend\node_modules\mongoose\lib\schemaType.js:1288:12)
    at SchemaObjectId.SchemaType.castForQuery (C:\Users\unnat\OneDrive\Desktop\My_Projects\LMS-project\Backend\node_modules\mongoose\lib\schemaType.js:1724:17)
    at cast (C:\Users\unnat\OneDrive\Desktop\My_Projects\LMS-project\Backend\node_modules\mongoose\lib\cast.js:390:32)
    at model.Query.Query.cast (C:\Users\unnat\OneDrive\Desktop\My_Projects\LMS-project\Backend\node_modules\mongoose\lib\query.js:5060:12)
    at model.Query.Query._castConditions (C:\Users\unnat\OneDrive\Desktop\My_Projects\LMS-project\Backend\node_modules\mongoose\lib\query.js:2374:10)
    at model.Query._findOneAndUpdate (C:\Users\unnat\OneDrive\Desktop\My_Projects\LMS-project\Backend\node_modules\mongoose\lib\query.js:3477:8)
    at model.Query.exec (C:\Users\unnat\OneDrive\Desktop\My_Projects\LMS-project\Backend\node_modules\mongoose\lib\query.js:4627:80)
    at processTicksAndRejections (node:internal/process/task_queues:104:5)
    at Object.setVerificationCode (C:\Users\unnat\OneDrive\Desktop\My_Projects\LMS-project\Backend\src\repositories\user.repository.ts:63:5)
2026-04-26 01:35:22 [error]: [POST] /api/user/login/send-otp → Cast to ObjectId failed for value "2dcc71bf-8d67-4cc5-a72c-c0deeb5ddf84" (type string) at path "_id" for model "User"
2026-04-26 01:35:23 [error]: Redis error: getaddrinfo ENOTFOUND 14611.c92.us-east-1-3.ec2.cloud.redislabs.com
2026-04-26 01:35:24 [error]: Redis error: getaddrinfo ENOTFOUND 14611.c92.us-east-1-3.ec2.cloud.redislabs.com
2026-04-26 01:35:26 [error]: Redis error: getaddrinfo ENOTFOUND 14611.c92.us-east-1-3.ec2.cloud.redislabs.com
2026-04-26 01:35:28 [error]: Redis: max reconnect attempts reached.
2026-04-26 01:35:28 [error]: Redis error: getaddrinfo ENOTFOUND 14611.c92.us-east-1-3.ec2.cloud.redislabs.com
2026-04-26 01:35:28 [error]: Redis initial connection failed: Max reconnect attempts
2026-04-26 01:35:59 [error]: Redis error: getaddrinfo ENOTFOUND 14611.c92.us-east-1-3.ec2.cloud.redislabs.com
2026-04-26 01:35:59 [error]: Redis error: getaddrinfo ENOTFOUND 14611.c92.us-east-1-3.ec2.cloud.redislabs.com
2026-04-26 01:35:59 [error]: Redis error: getaddrinfo ENOTFOUND 14611.c92.us-east-1-3.ec2.cloud.redislabs.com
2026-04-26 01:35:59 [error]: Redis error: getaddrinfo ENOTFOUND 14611.c92.us-east-1-3.ec2.cloud.redislabs.com
2026-04-26 01:36:00 [error]: Redis error: getaddrinfo ENOTFOUND 14611.c92.us-east-1-3.ec2.cloud.redislabs.com
2026-04-26 01:36:01 [error]: Redis error: getaddrinfo ENOTFOUND 14611.c92.us-east-1-3.ec2.cloud.redislabs.com
2026-04-26 01:36:02 [error]: Redis error: getaddrinfo ENOTFOUND 14611.c92.us-east-1-3.ec2.cloud.redislabs.com
2026-04-26 01:36:03 [error]: Redis error: getaddrinfo ENOTFOUND 14611.c92.us-east-1-3.ec2.cloud.redislabs.com
2026-04-26 01:36:04 [error]: Redis error: getaddrinfo ENOTFOUND 14611.c92.us-east-1-3.ec2.cloud.redislabs.com
2026-04-26 01:36:06 [error]: Redis error: getaddrinfo ENOTFOUND 14611.c92.us-east-1-3.ec2.cloud.redislabs.com
2026-04-26 01:36:08 [error]: Redis error: getaddrinfo ENOTFOUND 14611.c92.us-east-1-3.ec2.cloud.redislabs.com
2026-04-26 01:36:10 [error]: Redis: max reconnect attempts reached.
2026-04-26 01:36:10 [error]: Redis error: getaddrinfo ENOTFOUND 14611.c92.us-east-1-3.ec2.cloud.redislabs.com
2026-04-26 01:36:10 [error]: Redis initial connection failed: Max reconnect attempts
2026-04-26 01:36:31 [error]: Redis error: getaddrinfo ENOTFOUND 14611.c92.us-east-1-3.ec2.cloud.redislabs.com
2026-04-26 01:36:31 [error]: Redis error: getaddrinfo ENOTFOUND 14611.c92.us-east-1-3.ec2.cloud.redislabs.com
2026-04-26 01:36:31 [error]: Redis error: getaddrinfo ENOTFOUND 14611.c92.us-east-1-3.ec2.cloud.redislabs.com
2026-04-26 01:36:32 [error]: Redis error: getaddrinfo ENOTFOUND 14611.c92.us-east-1-3.ec2.cloud.redislabs.com
2026-04-26 01:36:32 [error]: Redis error: getaddrinfo ENOTFOUND 14611.c92.us-east-1-3.ec2.cloud.redislabs.com
2026-04-26 01:36:33 [error]: Redis error: getaddrinfo ENOTFOUND 14611.c92.us-east-1-3.ec2.cloud.redislabs.com
2026-04-26 01:36:34 [error]: Redis error: getaddrinfo ENOTFOUND 14611.c92.us-east-1-3.ec2.cloud.redislabs.com
2026-04-26 01:36:35 [error]: Redis error: getaddrinfo ENOTFOUND 14611.c92.us-east-1-3.ec2.cloud.redislabs.com
2026-04-26 01:36:37 [error]: Redis error: getaddrinfo ENOTFOUND 14611.c92.us-east-1-3.ec2.cloud.redislabs.com
2026-04-26 01:36:38 [error]: Redis error: getaddrinfo ENOTFOUND 14611.c92.us-east-1-3.ec2.cloud.redislabs.com
2026-04-26 01:36:40 [error]: Redis error: getaddrinfo ENOTFOUND 14611.c92.us-east-1-3.ec2.cloud.redislabs.com
2026-04-26 01:36:42 [error]: Redis: max reconnect attempts reached.
2026-04-26 01:36:42 [error]: Redis error: getaddrinfo ENOTFOUND 14611.c92.us-east-1-3.ec2.cloud.redislabs.com
2026-04-26 01:36:42 [error]: Redis initial connection failed: Max reconnect attempts
2026-04-26 01:36:49 [error]: Email failed to testuser@gmail.com: Invalid login: 535-5.7.8 Username and Password not accepted. For more information, go to
535 5.7.8  https://support.google.com/mail/?p=BadCredentials 41be03b00d2f7-c7976f92183sm19331569a12.3 - gsmtp
2026-04-26 01:36:49 [error]: Failed to send OTP: Invalid login: 535-5.7.8 Username and Password not accepted. For more information, go to
535 5.7.8  https://support.google.com/mail/?p=BadCredentials 41be03b00d2f7-c7976f92183sm19331569a12.3 - gsmtp
2026-04-26 11:51:18 [error]: Redis error: getaddrinfo ENOTFOUND 14611.c92.us-east-1-3.ec2.cloud.redislabs.com
2026-04-26 11:51:18 [error]: Redis error: getaddrinfo ENOTFOUND 14611.c92.us-east-1-3.ec2.cloud.redislabs.com
2026-04-26 11:51:18 [error]: MongoDB connection failed: querySrv ECONNREFUSED _mongodb._tcp.unnati-database.9iyghf7.mongodb.net
2026-04-26 12:20:25 [error]: Redis error: getaddrinfo ENOTFOUND 14611.c92.us-east-1-3.ec2.cloud.redislabs.com
2026-04-26 12:20:25 [error]: Redis error: getaddrinfo ENOTFOUND 14611.c92.us-east-1-3.ec2.cloud.redislabs.com
2026-04-26 12:20:25 [error]: Redis error: getaddrinfo ENOTFOUND 14611.c92.us-east-1-3.ec2.cloud.redislabs.com
2026-04-26 12:20:26 [error]: Redis error: getaddrinfo ENOTFOUND 14611.c92.us-east-1-3.ec2.cloud.redislabs.com
2026-04-26 12:20:26 [error]: Redis error: getaddrinfo ENOTFOUND 14611.c92.us-east-1-3.ec2.cloud.redislabs.com
2026-04-26 12:20:27 [error]: Redis error: getaddrinfo ENOTFOUND 14611.c92.us-east-1-3.ec2.cloud.redislabs.com
2026-04-26 12:20:28 [error]: Redis error: getaddrinfo ENOTFOUND 14611.c92.us-east-1-3.ec2.cloud.redislabs.com
2026-04-26 12:20:29 [error]: Redis error: getaddrinfo ENOTFOUND 14611.c92.us-east-1-3.ec2.cloud.redislabs.com
2026-04-26 12:20:31 [error]: Redis error: getaddrinfo ENOTFOUND 14611.c92.us-east-1-3.ec2.cloud.redislabs.com
2026-04-26 12:20:32 [error]: Redis error: getaddrinfo ENOTFOUND 14611.c92.us-east-1-3.ec2.cloud.redislabs.com
2026-04-27 01:08:10 [error]: Redis error: getaddrinfo ENOTFOUND 14611.c92.us-east-1-3.ec2.cloud.redislabs.com
2026-04-27 01:08:10 [error]: Redis error: getaddrinfo ENOTFOUND 14611.c92.us-east-1-3.ec2.cloud.redislabs.com
2026-04-27 01:08:10 [error]: Redis error: getaddrinfo ENOTFOUND 14611.c92.us-east-1-3.ec2.cloud.redislabs.com
2026-04-27 01:08:10 [error]: Redis error: getaddrinfo ENOTFOUND 14611.c92.us-east-1-3.ec2.cloud.redislabs.com
2026-04-27 01:08:11 [error]: Redis error: getaddrinfo ENOTFOUND 14611.c92.us-east-1-3.ec2.cloud.redislabs.com
2026-04-27 01:08:12 [error]: Redis error: getaddrinfo ENOTFOUND 14611.c92.us-east-1-3.ec2.cloud.redislabs.com
2026-04-27 01:08:13 [error]: Redis error: getaddrinfo ENOTFOUND 14611.c92.us-east-1-3.ec2.cloud.redislabs.com
2026-04-27 01:08:14 [error]: Redis error: getaddrinfo ENOTFOUND 14611.c92.us-east-1-3.ec2.cloud.redislabs.com
2026-04-27 01:08:15 [error]: Redis error: getaddrinfo ENOTFOUND 14611.c92.us-east-1-3.ec2.cloud.redislabs.com
2026-04-27 01:08:17 [error]: Redis error: getaddrinfo ENOTFOUND 14611.c92.us-east-1-3.ec2.cloud.redislabs.com
2026-04-27 01:08:19 [error]: Redis error: getaddrinfo ENOTFOUND 14611.c92.us-east-1-3.ec2.cloud.redislabs.com
2026-04-27 01:08:21 [error]: Redis: max reconnect attempts reached.
2026-04-27 01:08:21 [error]: Redis error: getaddrinfo ENOTFOUND 14611.c92.us-east-1-3.ec2.cloud.redislabs.com
2026-04-27 01:08:21 [error]: Redis initial connection failed: Max reconnect attempts
2026-04-27 11:51:03 [error]: MongoDB connection failed: querySrv ETIMEOUT _mongodb._tcp.unnati-database.9iyghf7.mongodb.net
2026-05-06 22:22:00 [error]: Email failed to unnatikhare3@gmail.com: Invalid login: 535-5.7.8 Username and Password not accepted. For more information, go to
535 5.7.8  https://support.google.com/mail/?p=BadCredentials d2e1a72fcca58-83965d38ab5sm7421476b3a.26 - gsmtp
2026-05-06 22:22:00 [error]: Failed to send OTP: Invalid login: 535-5.7.8 Username and Password not accepted. For more information, go to
535 5.7.8  https://support.google.com/mail/?p=BadCredentials d2e1a72fcca58-83965d38ab5sm7421476b3a.26 - gsmtp
2026-05-06 22:22:10 [error]: Email failed to unnatikhare3@gmail.com: Invalid login: 535-5.7.8 Username and Password not accepted. For more information, go to
535 5.7.8  https://support.google.com/mail/?p=BadCredentials 98e67ed59e1d1-365c25f8cf9sm3281988a91.4 - gsmtp
2026-05-06 22:22:10 [error]: Failed to send OTP: Invalid login: 535-5.7.8 Username and Password not accepted. For more information, go to
535 5.7.8  https://support.google.com/mail/?p=BadCredentials 98e67ed59e1d1-365c25f8cf9sm3281988a91.4 - gsmtp
2026-05-06 22:23:59 [error]: Email failed to unnatikhare3@gmail.com: Invalid login: 535-5.7.8 Username and Password not accepted. For more information, go to
535 5.7.8  https://support.google.com/mail/?p=BadCredentials 41be03b00d2f7-c8242cc1768sm2727127a12.32 - gsmtp
2026-05-06 22:23:59 [error]: Failed to send OTP: Invalid login: 535-5.7.8 Username and Password not accepted. For more information, go to
535 5.7.8  https://support.google.com/mail/?p=BadCredentials 41be03b00d2f7-c8242cc1768sm2727127a12.32 - gsmtp
2026-05-06 22:30:26 [error]: [POST] /api/user/forgot-password/verify-otp → Cannot read properties of undefined (reading 'set')
2026-05-06 22:38:40 [error]: [POST] /api/user/forgot-password/verify-otp → Invalid OTP.
2026-05-06 22:39:17 [error]: [POST] /api/user/forgot-password/verify-otp → Invalid OTP.
2026-05-07 22:21:00 [error]: [POST] /api/user/login → Invalid credentials.
2026-05-07 22:27:21 [error]: [POST] /api/syllabus/generate/text → Failed to generate explanation.
2026-05-07 22:28:51 [error]: [POST] /api/syllabus/generate/text → Failed to generate explanation.
2026-05-07 22:29:19 [error]: [POST] /api/syllabus/generate/text → Failed to generate explanation.
2026-05-07 22:30:32 [error]: [POST] /api/syllabus/generate/text → Failed to generate explanation.
2026-05-07 22:31:09 [error]: [POST] /api/syllabus/generate/text → Failed to generate explanation.
2026-05-07 22:31:58 [error]: [POST] /api/syllabus/generate/text → Failed to generate explanation.
2026-05-07 22:33:36 [error]: [POST] /api/syllabus/generate/text → Failed to generate explanation.
2026-05-07 22:36:54 [error]: [POST] /api/syllabus/generate/text → Failed to generate explanation.
2026-05-07 22:40:58 [error]: [POST] /api/syllabus/generate/text → Failed to generate explanation.
2026-05-07 22:41:49 [error]: [POST] /api/syllabus/generate/text → Failed to generate explanation.
2026-05-07 22:42:27 [error]: [POST] /api/syllabus/generate/text → Failed to generate explanation.
2026-05-07 22:43:00 [error]: [POST] /api/syllabus/generate/text → Failed to generate explanation.
2026-05-08 06:29:27 [error]: Redis error: read ECONNRESET
Error: read ECONNRESET
    at TCP.onStreamRead (node:internal/stream_base_commons:216:20)
2026-05-08 06:29:27 [error]: Redis error: getaddrinfo ENOTFOUND redis-14611.c92.us-east-1-3.ec2.cloud.redislabs.com
Error: getaddrinfo ENOTFOUND redis-14611.c92.us-east-1-3.ec2.cloud.redislabs.com
    at GetAddrInfoReqWrap.onlookupall [as oncomplete] (node:dns:122:26)
2026-05-08 06:29:27 [error]: Redis error: getaddrinfo ENOTFOUND redis-14611.c92.us-east-1-3.ec2.cloud.redislabs.com
Error: getaddrinfo ENOTFOUND redis-14611.c92.us-east-1-3.ec2.cloud.redislabs.com
    at GetAddrInfoReqWrap.onlookupall [as oncomplete] (node:dns:122:26)
2026-05-08 06:29:28 [error]: Redis error: getaddrinfo ENOTFOUND redis-14611.c92.us-east-1-3.ec2.cloud.redislabs.com
Error: getaddrinfo ENOTFOUND redis-14611.c92.us-east-1-3.ec2.cloud.redislabs.com
    at GetAddrInfoReqWrap.onlookupall [as oncomplete] (node:dns:122:26)
2026-05-08 06:29:28 [error]: Redis error: getaddrinfo ENOTFOUND redis-14611.c92.us-east-1-3.ec2.cloud.redislabs.com
Error: getaddrinfo ENOTFOUND redis-14611.c92.us-east-1-3.ec2.cloud.redislabs.com
    at GetAddrInfoReqWrap.onlookupall [as oncomplete] (node:dns:122:26)
2026-05-08 06:29:28 [error]: Redis error: getaddrinfo ENOTFOUND redis-14611.c92.us-east-1-3.ec2.cloud.redislabs.com
Error: getaddrinfo ENOTFOUND redis-14611.c92.us-east-1-3.ec2.cloud.redislabs.com
    at GetAddrInfoReqWrap.onlookupall [as oncomplete] (node:dns:122:26)
2026-05-08 06:29:28 [error]: Redis error: getaddrinfo ENOTFOUND redis-14611.c92.us-east-1-3.ec2.cloud.redislabs.com
Error: getaddrinfo ENOTFOUND redis-14611.c92.us-east-1-3.ec2.cloud.redislabs.com
    at GetAddrInfoReqWrap.onlookupall [as oncomplete] (node:dns:122:26)
2026-05-08 06:29:29 [error]: Redis error: getaddrinfo ENOTFOUND redis-14611.c92.us-east-1-3.ec2.cloud.redislabs.com
Error: getaddrinfo ENOTFOUND redis-14611.c92.us-east-1-3.ec2.cloud.redislabs.com
    at GetAddrInfoReqWrap.onlookupall [as oncomplete] (node:dns:122:26)
2026-05-08 06:29:29 [error]: Redis error: getaddrinfo ENOTFOUND redis-14611.c92.us-east-1-3.ec2.cloud.redislabs.com
Error: getaddrinfo ENOTFOUND redis-14611.c92.us-east-1-3.ec2.cloud.redislabs.com
    at GetAddrInfoReqWrap.onlookupall [as oncomplete] (node:dns:122:26)
2026-05-08 06:29:30 [error]: Redis error: getaddrinfo ENOTFOUND redis-14611.c92.us-east-1-3.ec2.cloud.redislabs.com
Error: getaddrinfo ENOTFOUND redis-14611.c92.us-east-1-3.ec2.cloud.redislabs.com
    at GetAddrInfoReqWrap.onlookupall [as oncomplete] (node:dns:122:26)
2026-05-08 06:29:30 [error]: Redis error: getaddrinfo ENOTFOUND redis-14611.c92.us-east-1-3.ec2.cloud.redislabs.com
Error: getaddrinfo ENOTFOUND redis-14611.c92.us-east-1-3.ec2.cloud.redislabs.com
    at GetAddrInfoReqWrap.onlookupall [as oncomplete] (node:dns:122:26)
2026-05-08 06:29:31 [error]: Redis error: getaddrinfo ENOTFOUND redis-14611.c92.us-east-1-3.ec2.cloud.redislabs.com
Error: getaddrinfo ENOTFOUND redis-14611.c92.us-east-1-3.ec2.cloud.redislabs.com
    at GetAddrInfoReqWrap.onlookupall [as oncomplete] (node:dns:122:26)
2026-05-08 06:29:31 [error]: Redis error: getaddrinfo ENOTFOUND redis-14611.c92.us-east-1-3.ec2.cloud.redislabs.com
Error: getaddrinfo ENOTFOUND redis-14611.c92.us-east-1-3.ec2.cloud.redislabs.com
    at GetAddrInfoReqWrap.onlookupall [as oncomplete] (node:dns:122:26)
2026-05-08 06:29:32 [error]: Redis error: getaddrinfo ENOTFOUND redis-14611.c92.us-east-1-3.ec2.cloud.redislabs.com
Error: getaddrinfo ENOTFOUND redis-14611.c92.us-east-1-3.ec2.cloud.redislabs.com
    at GetAddrInfoReqWrap.onlookupall [as oncomplete] (node:dns:122:26)
2026-05-08 06:29:33 [error]: Redis error: getaddrinfo ENOTFOUND redis-14611.c92.us-east-1-3.ec2.cloud.redislabs.com
Error: getaddrinfo ENOTFOUND redis-14611.c92.us-east-1-3.ec2.cloud.redislabs.com
    at GetAddrInfoReqWrap.onlookupall [as oncomplete] (node:dns:122:26)
2026-05-08 15:43:29 [error]: Redis error: getaddrinfo ENOTFOUND redis-14611.c92.us-east-1-3.ec2.cloud.redislabs.com
Error: getaddrinfo ENOTFOUND redis-14611.c92.us-east-1-3.ec2.cloud.redislabs.com
    at GetAddrInfoReqWrap.onlookupall [as oncomplete] (node:dns:122:26)
2026-05-08 15:43:30 [error]: Redis error: getaddrinfo ENOTFOUND redis-14611.c92.us-east-1-3.ec2.cloud.redislabs.com
Error: getaddrinfo ENOTFOUND redis-14611.c92.us-east-1-3.ec2.cloud.redislabs.com
    at GetAddrInfoReqWrap.onlookupall [as oncomplete] (node:dns:122:26)
2026-05-08 15:43:41 [error]: Redis error: connect ETIMEDOUT
Error: connect ETIMEDOUT
    at Socket.<anonymous> (C:\Users\unnat\OneDrive\Desktop\My_Projects\LMS-project\Backend\node_modules\ioredis\built\Redis.js:171:41)
    at Object.onceWrapper (node:events:622:28)
    at Socket.emit (node:events:508:28)
    at Socket._onTimeout (node:net:604:8)
    at listOnTimeout (node:internal/timers:605:17)
    at processTimers (node:internal/timers:541:7)
2026-05-13 18:00:27 [error]: Redis error: connect ETIMEDOUT
Error: connect ETIMEDOUT
    at Socket.<anonymous> (C:\Users\unnat\OneDrive\Desktop\My_Projects\LMS-project\Backend\node_modules\ioredis\built\Redis.js:171:41)
    at Object.onceWrapper (node:events:622:28)
    at Socket.emit (node:events:508:28)
    at Socket._onTimeout (node:net:604:8)
    at listOnTimeout (node:internal/timers:605:17)
    at processTimers (node:internal/timers:541:7)
2026-05-13 18:00:39 [error]: Redis error: connect ETIMEDOUT
Error: connect ETIMEDOUT
    at Socket.<anonymous> (C:\Users\unnat\OneDrive\Desktop\My_Projects\LMS-project\Backend\node_modules\ioredis\built\Redis.js:171:41)
    at Object.onceWrapper (node:events:622:28)
    at Socket.emit (node:events:508:28)
    at Socket._onTimeout (node:net:604:8)
    at listOnTimeout (node:internal/timers:605:17)
    at processTimers (node:internal/timers:541:7)
2026-05-13 18:00:50 [error]: Redis error: connect ETIMEDOUT
Error: connect ETIMEDOUT
    at Socket.<anonymous> (C:\Users\unnat\OneDrive\Desktop\My_Projects\LMS-project\Backend\node_modules\ioredis\built\Redis.js:171:41)
    at Object.onceWrapper (node:events:622:28)
    at Socket.emit (node:events:508:28)
    at Socket._onTimeout (node:net:604:8)
    at listOnTimeout (node:internal/timers:605:17)
    at processTimers (node:internal/timers:541:7)
2026-05-20 17:33:14 [error]: MongoDB connection failed: querySrv ECONNREFUSED _mongodb._tcp.unnati-database.9iyghf7.mongodb.net
2026-05-20 17:34:22 [error]: MongoDB connection failed: querySrv ECONNREFUSED _mongodb._tcp.unnati-database.9iyghf7.mongodb.net
2026-07-17 22:33:44 [error]: MongoDB connection failed: querySrv ECONNREFUSED _mongodb._tcp.unnati-database.9iyghf7.mongodb.net
2026-07-17 22:38:30 [error]: MongoDB connection failed: querySrv ECONNREFUSED _mongodb._tcp.unnati-database.9iyghf7.mongodb.net
2026-07-17 22:41:26 [error]: MongoDB connection failed: querySrv ECONNREFUSED _mongodb._tcp.unnati-database.9iyghf7.mongodb.net
2026-07-17 22:44:31 [error]: MongoDB connection failed: querySrv ECONNREFUSED _mongodb._tcp.portfoliocluster.bznqx04.mongodb.net
2026-07-17 22:52:36 [error]: [POST] /api/user/register → All fields are required.
2026-07-17 22:57:24 [error]: Redis error: getaddrinfo ENOTFOUND redis-14611.c92.us-east-1-3.ec2.cloud.redislabs.com
Error: getaddrinfo ENOTFOUND redis-14611.c92.us-east-1-3.ec2.cloud.redislabs.com
    at GetAddrInfoReqWrap.onlookupall [as oncomplete] (node:dns:122:26)
2026-07-17 22:57:24 [error]: Redis error: getaddrinfo ENOTFOUND redis-14611.c92.us-east-1-3.ec2.cloud.redislabs.com
Error: getaddrinfo ENOTFOUND redis-14611.c92.us-east-1-3.ec2.cloud.redislabs.com
    at GetAddrInfoReqWrap.onlookupall [as oncomplete] (node:dns:122:26)
2026-07-17 22:57:24 [error]: Redis error: getaddrinfo ENOTFOUND redis-14611.c92.us-east-1-3.ec2.cloud.redislabs.com
Error: getaddrinfo ENOTFOUND redis-14611.c92.us-east-1-3.ec2.cloud.redislabs.com
    at GetAddrInfoReqWrap.onlookupall [as oncomplete] (node:dns:122:26)
2026-07-17 22:57:25 [error]: Redis error: getaddrinfo ENOTFOUND redis-14611.c92.us-east-1-3.ec2.cloud.redislabs.com
Error: getaddrinfo ENOTFOUND redis-14611.c92.us-east-1-3.ec2.cloud.redislabs.com
    at GetAddrInfoReqWrap.onlookupall [as oncomplete] (node:dns:122:26)
2026-07-17 22:57:25 [error]: Redis error: getaddrinfo ENOTFOUND redis-14611.c92.us-east-1-3.ec2.cloud.redislabs.com
Error: getaddrinfo ENOTFOUND redis-14611.c92.us-east-1-3.ec2.cloud.redislabs.com
    at GetAddrInfoReqWrap.onlookupall [as oncomplete] (node:dns:122:26)
2026-07-17 22:57:25 [error]: Redis error: getaddrinfo ENOTFOUND redis-14611.c92.us-east-1-3.ec2.cloud.redislabs.com
Error: getaddrinfo ENOTFOUND redis-14611.c92.us-east-1-3.ec2.cloud.redislabs.com
    at GetAddrInfoReqWrap.onlookupall [as oncomplete] (node:dns:122:26)
2026-07-17 22:57:25 [error]: Redis error: getaddrinfo ENOTFOUND redis-14611.c92.us-east-1-3.ec2.cloud.redislabs.com
Error: getaddrinfo ENOTFOUND redis-14611.c92.us-east-1-3.ec2.cloud.redislabs.com
    at GetAddrInfoReqWrap.onlookupall [as oncomplete] (node:dns:122:26)
2026-07-17 22:57:26 [error]: Redis error: getaddrinfo ENOTFOUND redis-14611.c92.us-east-1-3.ec2.cloud.redislabs.com
Error: getaddrinfo ENOTFOUND redis-14611.c92.us-east-1-3.ec2.cloud.redislabs.com
    at GetAddrInfoReqWrap.onlookupall [as oncomplete] (node:dns:122:26)
2026-07-17 22:57:26 [error]: Redis error: getaddrinfo ENOTFOUND redis-14611.c92.us-east-1-3.ec2.cloud.redislabs.com
Error: getaddrinfo ENOTFOUND redis-14611.c92.us-east-1-3.ec2.cloud.redislabs.com
    at GetAddrInfoReqWrap.onlookupall [as oncomplete] (node:dns:122:26)
2026-07-17 22:57:27 [error]: Redis error: getaddrinfo ENOTFOUND redis-14611.c92.us-east-1-3.ec2.cloud.redislabs.com
Error: getaddrinfo ENOTFOUND redis-14611.c92.us-east-1-3.ec2.cloud.redislabs.com
    at GetAddrInfoReqWrap.onlookupall [as oncomplete] (node:dns:122:26)
2026-07-17 22:57:27 [error]: Redis error: getaddrinfo ENOTFOUND redis-14611.c92.us-east-1-3.ec2.cloud.redislabs.com
Error: getaddrinfo ENOTFOUND redis-14611.c92.us-east-1-3.ec2.cloud.redislabs.com
    at GetAddrInfoReqWrap.onlookupall [as oncomplete] (node:dns:122:26)
2026-07-17 22:57:28 [error]: Redis error: getaddrinfo ENOTFOUND redis-14611.c92.us-east-1-3.ec2.cloud.redislabs.com
Error: getaddrinfo ENOTFOUND redis-14611.c92.us-east-1-3.ec2.cloud.redislabs.com
    at GetAddrInfoReqWrap.onlookupall [as oncomplete] (node:dns:122:26)
2026-07-17 22:57:28 [error]: Redis error: getaddrinfo ENOTFOUND redis-14611.c92.us-east-1-3.ec2.cloud.redislabs.com
Error: getaddrinfo ENOTFOUND redis-14611.c92.us-east-1-3.ec2.cloud.redislabs.com
    at GetAddrInfoReqWrap.onlookupall [as oncomplete] (node:dns:122:26)
2026-07-17 22:57:29 [error]: Redis error: getaddrinfo ENOTFOUND redis-14611.c92.us-east-1-3.ec2.cloud.redislabs.com
Error: getaddrinfo ENOTFOUND redis-14611.c92.us-east-1-3.ec2.cloud.redislabs.com
    at GetAddrInfoReqWrap.onlookupall [as oncomplete] (node:dns:122:26)
2026-07-17 22:57:30 [error]: Redis error: getaddrinfo ENOTFOUND redis-14611.c92.us-east-1-3.ec2.cloud.redislabs.com
Error: getaddrinfo ENOTFOUND redis-14611.c92.us-east-1-3.ec2.cloud.redislabs.com
    at GetAddrInfoReqWrap.onlookupall [as oncomplete] (node:dns:122:26)
2026-07-17 22:57:30 [error]: Redis error: getaddrinfo ENOTFOUND redis-14611.c92.us-east-1-3.ec2.cloud.redislabs.com
Error: getaddrinfo ENOTFOUND redis-14611.c92.us-east-1-3.ec2.cloud.redislabs.com
    at GetAddrInfoReqWrap.onlookupall [as oncomplete] (node:dns:122:26)
2026-07-17 22:57:31 [error]: Redis error: getaddrinfo ENOTFOUND redis-14611.c92.us-east-1-3.ec2.cloud.redislabs.com
Error: getaddrinfo ENOTFOUND redis-14611.c92.us-east-1-3.ec2.cloud.redislabs.com
    at GetAddrInfoReqWrap.onlookupall [as oncomplete] (node:dns:122:26)
2026-07-17 22:57:32 [error]: Redis error: getaddrinfo ENOTFOUND redis-14611.c92.us-east-1-3.ec2.cloud.redislabs.com
Error: getaddrinfo ENOTFOUND redis-14611.c92.us-east-1-3.ec2.cloud.redislabs.com
    at GetAddrInfoReqWrap.onlookupall [as oncomplete] (node:dns:122:26)
2026-07-17 22:57:33 [error]: Redis error: getaddrinfo ENOTFOUND redis-14611.c92.us-east-1-3.ec2.cloud.redislabs.com
Error: getaddrinfo ENOTFOUND redis-14611.c92.us-east-1-3.ec2.cloud.redislabs.com
    at GetAddrInfoReqWrap.onlookupall [as oncomplete] (node:dns:122:26)
2026-07-17 22:57:34 [error]: Redis error: getaddrinfo ENOTFOUND redis-14611.c92.us-east-1-3.ec2.cloud.redislabs.com
Error: getaddrinfo ENOTFOUND redis-14611.c92.us-east-1-3.ec2.cloud.redislabs.com
    at GetAddrInfoReqWrap.onlookupall [as oncomplete] (node:dns:122:26)
2026-07-17 22:57:35 [error]: Redis error: getaddrinfo ENOTFOUND redis-14611.c92.us-east-1-3.ec2.cloud.redislabs.com
Error: getaddrinfo ENOTFOUND redis-14611.c92.us-east-1-3.ec2.cloud.redislabs.com
    at GetAddrInfoReqWrap.onlookupall [as oncomplete] (node:dns:122:26)
2026-07-17 22:57:35 [error]: [POST] /api/user/forgot-password/verify-otp → Reached the max retries per request limit (which is 20). Refer to "maxRetriesPerRequest" option for details.
2026-07-17 22:57:36 [error]: Redis error: getaddrinfo ENOTFOUND redis-14611.c92.us-east-1-3.ec2.cloud.redislabs.com
Error: getaddrinfo ENOTFOUND redis-14611.c92.us-east-1-3.ec2.cloud.redislabs.com
    at GetAddrInfoReqWrap.onlookupall [as oncomplete] (node:dns:122:26)
2026-07-17 22:57:37 [error]: Redis error: getaddrinfo ENOTFOUND redis-14611.c92.us-east-1-3.ec2.cloud.redislabs.com
Error: getaddrinfo ENOTFOUND redis-14611.c92.us-east-1-3.ec2.cloud.redislabs.com
    at GetAddrInfoReqWrap.onlookupall [as oncomplete] (node:dns:122:26)
2026-07-17 22:57:38 [error]: Redis error: getaddrinfo ENOTFOUND redis-14611.c92.us-east-1-3.ec2.cloud.redislabs.com
Error: getaddrinfo ENOTFOUND redis-14611.c92.us-east-1-3.ec2.cloud.redislabs.com
    at GetAddrInfoReqWrap.onlookupall [as oncomplete] (node:dns:122:26)
2026-07-17 22:57:40 [error]: Redis error: getaddrinfo ENOTFOUND redis-14611.c92.us-east-1-3.ec2.cloud.redislabs.com
Error: getaddrinfo ENOTFOUND redis-14611.c92.us-east-1-3.ec2.cloud.redislabs.com
    at GetAddrInfoReqWrap.onlookupall [as oncomplete] (node:dns:122:26)
2026-07-17 22:57:41 [error]: Redis error: getaddrinfo ENOTFOUND redis-14611.c92.us-east-1-3.ec2.cloud.redislabs.com
Error: getaddrinfo ENOTFOUND redis-14611.c92.us-east-1-3.ec2.cloud.redislabs.com
    at GetAddrInfoReqWrap.onlookupall [as oncomplete] (node:dns:122:26)
2026-07-17 22:57:42 [error]: Redis error: getaddrinfo ENOTFOUND redis-14611.c92.us-east-1-3.ec2.cloud.redislabs.com
Error: getaddrinfo ENOTFOUND redis-14611.c92.us-east-1-3.ec2.cloud.redislabs.com
    at GetAddrInfoReqWrap.onlookupall [as oncomplete] (node:dns:122:26)
2026-07-17 22:57:43 [error]: Redis error: getaddrinfo ENOTFOUND redis-14611.c92.us-east-1-3.ec2.cloud.redislabs.com
Error: getaddrinfo ENOTFOUND redis-14611.c92.us-east-1-3.ec2.cloud.redislabs.com
    at GetAddrInfoReqWrap.onlookupall [as oncomplete] (node:dns:122:26)
2026-07-17 22:57:45 [error]: Redis error: getaddrinfo ENOTFOUND redis-14611.c92.us-east-1-3.ec2.cloud.redislabs.com
Error: getaddrinfo ENOTFOUND redis-14611.c92.us-east-1-3.ec2.cloud.redislabs.com
    at GetAddrInfoReqWrap.onlookupall [as oncomplete] (node:dns:122:26)
2026-07-17 22:57:46 [error]: Redis error: getaddrinfo ENOTFOUND redis-14611.c92.us-east-1-3.ec2.cloud.redislabs.com
Error: getaddrinfo ENOTFOUND redis-14611.c92.us-east-1-3.ec2.cloud.redislabs.com
    at GetAddrInfoReqWrap.onlookupall [as oncomplete] (node:dns:122:26)
2026-07-17 22:57:48 [error]: Redis error: getaddrinfo ENOTFOUND redis-14611.c92.us-east-1-3.ec2.cloud.redislabs.com
Error: getaddrinfo ENOTFOUND redis-14611.c92.us-east-1-3.ec2.cloud.redislabs.com
    at GetAddrInfoReqWrap.onlookupall [as oncomplete] (node:dns:122:26)
2026-07-17 22:57:49 [error]: Redis error: getaddrinfo ENOTFOUND redis-14611.c92.us-east-1-3.ec2.cloud.redislabs.com
Error: getaddrinfo ENOTFOUND redis-14611.c92.us-east-1-3.ec2.cloud.redislabs.com
    at GetAddrInfoReqWrap.onlookupall [as oncomplete] (node:dns:122:26)
2026-07-17 22:57:51 [error]: Redis error: getaddrinfo ENOTFOUND redis-14611.c92.us-east-1-3.ec2.cloud.redislabs.com
Error: getaddrinfo ENOTFOUND redis-14611.c92.us-east-1-3.ec2.cloud.redislabs.com
    at GetAddrInfoReqWrap.onlookupall [as oncomplete] (node:dns:122:26)
2026-07-17 22:57:53 [error]: Redis error: getaddrinfo ENOTFOUND redis-14611.c92.us-east-1-3.ec2.cloud.redislabs.com
Error: getaddrinfo ENOTFOUND redis-14611.c92.us-east-1-3.ec2.cloud.redislabs.com
    at GetAddrInfoReqWrap.onlookupall [as oncomplete] (node:dns:122:26)
2026-07-17 22:57:54 [error]: Redis error: getaddrinfo ENOTFOUND redis-14611.c92.us-east-1-3.ec2.cloud.redislabs.com
Error: getaddrinfo ENOTFOUND redis-14611.c92.us-east-1-3.ec2.cloud.redislabs.com
    at GetAddrInfoReqWrap.onlookupall [as oncomplete] (node:dns:122:26)
2026-07-17 22:57:56 [error]: Redis error: getaddrinfo ENOTFOUND redis-14611.c92.us-east-1-3.ec2.cloud.redislabs.com
Error: getaddrinfo ENOTFOUND redis-14611.c92.us-east-1-3.ec2.cloud.redislabs.com
    at GetAddrInfoReqWrap.onlookupall [as oncomplete] (node:dns:122:26)
2026-07-17 22:57:58 [error]: Redis error: getaddrinfo ENOTFOUND redis-14611.c92.us-east-1-3.ec2.cloud.redislabs.com
Error: getaddrinfo ENOTFOUND redis-14611.c92.us-east-1-3.ec2.cloud.redislabs.com
    at GetAddrInfoReqWrap.onlookupall [as oncomplete] (node:dns:122:26)
2026-07-17 22:58:00 [error]: Redis error: getaddrinfo ENOTFOUND redis-14611.c92.us-east-1-3.ec2.cloud.redislabs.com
Error: getaddrinfo ENOTFOUND redis-14611.c92.us-east-1-3.ec2.cloud.redislabs.com
    at GetAddrInfoReqWrap.onlookupall [as oncomplete] (node:dns:122:26)
2026-07-17 22:58:02 [error]: Redis error: getaddrinfo ENOTFOUND redis-14611.c92.us-east-1-3.ec2.cloud.redislabs.com
Error: getaddrinfo ENOTFOUND redis-14611.c92.us-east-1-3.ec2.cloud.redislabs.com
    at GetAddrInfoReqWrap.onlookupall [as oncomplete] (node:dns:122:26)
2026-07-17 22:58:04 [error]: Redis error: getaddrinfo ENOTFOUND redis-14611.c92.us-east-1-3.ec2.cloud.redislabs.com
Error: getaddrinfo ENOTFOUND redis-14611.c92.us-east-1-3.ec2.cloud.redislabs.com
    at GetAddrInfoReqWrap.onlookupall [as oncomplete] (node:dns:122:26)
2026-07-17 22:58:06 [error]: Redis error: getaddrinfo ENOTFOUND redis-14611.c92.us-east-1-3.ec2.cloud.redislabs.com
Error: getaddrinfo ENOTFOUND redis-14611.c92.us-east-1-3.ec2.cloud.redislabs.com
    at GetAddrInfoReqWrap.onlookupall [as oncomplete] (node:dns:122:26)
2026-07-17 22:58:08 [error]: Redis error: getaddrinfo ENOTFOUND redis-14611.c92.us-east-1-3.ec2.cloud.redislabs.com
Error: getaddrinfo ENOTFOUND redis-14611.c92.us-east-1-3.ec2.cloud.redislabs.com
    at GetAddrInfoReqWrap.onlookupall [as oncomplete] (node:dns:122:26)
2026-07-17 22:58:10 [error]: Redis error: getaddrinfo ENOTFOUND redis-14611.c92.us-east-1-3.ec2.cloud.redislabs.com
Error: getaddrinfo ENOTFOUND redis-14611.c92.us-east-1-3.ec2.cloud.redislabs.com
    at GetAddrInfoReqWrap.onlookupall [as oncomplete] (node:dns:122:26)
2026-07-17 22:58:12 [error]: Redis error: getaddrinfo ENOTFOUND redis-14611.c92.us-east-1-3.ec2.cloud.redislabs.com
Error: getaddrinfo ENOTFOUND redis-14611.c92.us-east-1-3.ec2.cloud.redislabs.com
    at GetAddrInfoReqWrap.onlookupall [as oncomplete] (node:dns:122:26)
2026-07-17 22:58:14 [error]: Redis error: getaddrinfo ENOTFOUND redis-14611.c92.us-east-1-3.ec2.cloud.redislabs.com
Error: getaddrinfo ENOTFOUND redis-14611.c92.us-east-1-3.ec2.cloud.redislabs.com
    at GetAddrInfoReqWrap.onlookupall [as oncomplete] (node:dns:122:26)
2026-07-17 22:58:16 [error]: Redis error: getaddrinfo ENOTFOUND redis-14611.c92.us-east-1-3.ec2.cloud.redislabs.com
Error: getaddrinfo ENOTFOUND redis-14611.c92.us-east-1-3.ec2.cloud.redislabs.com
    at GetAddrInfoReqWrap.onlookupall [as oncomplete] (node:dns:122:26)
2026-07-17 22:58:18 [error]: Redis error: getaddrinfo ENOTFOUND redis-14611.c92.us-east-1-3.ec2.cloud.redislabs.com
Error: getaddrinfo ENOTFOUND redis-14611.c92.us-east-1-3.ec2.cloud.redislabs.com
    at GetAddrInfoReqWrap.onlookupall [as oncomplete] (node:dns:122:26)
2026-07-17 22:58:20 [error]: Redis error: getaddrinfo ENOTFOUND redis-14611.c92.us-east-1-3.ec2.cloud.redislabs.com
Error: getaddrinfo ENOTFOUND redis-14611.c92.us-east-1-3.ec2.cloud.redislabs.com
    at GetAddrInfoReqWrap.onlookupall [as oncomplete] (node:dns:122:26)
2026-07-17 22:58:22 [error]: Redis error: getaddrinfo ENOTFOUND redis-14611.c92.us-east-1-3.ec2.cloud.redislabs.com
Error: getaddrinfo ENOTFOUND redis-14611.c92.us-east-1-3.ec2.cloud.redislabs.com
    at GetAddrInfoReqWrap.onlookupall [as oncomplete] (node:dns:122:26)
2026-07-17 22:58:24 [error]: Redis error: getaddrinfo ENOTFOUND redis-14611.c92.us-east-1-3.ec2.cloud.redislabs.com
Error: getaddrinfo ENOTFOUND redis-14611.c92.us-east-1-3.ec2.cloud.redislabs.com
    at GetAddrInfoReqWrap.onlookupall [as oncomplete] (node:dns:122:26)
2026-07-17 22:58:26 [error]: Redis error: getaddrinfo ENOTFOUND redis-14611.c92.us-east-1-3.ec2.cloud.redislabs.com
Error: getaddrinfo ENOTFOUND redis-14611.c92.us-east-1-3.ec2.cloud.redislabs.com
    at GetAddrInfoReqWrap.onlookupall [as oncomplete] (node:dns:122:26)
2026-07-17 22:58:28 [error]: Redis error: getaddrinfo ENOTFOUND redis-14611.c92.us-east-1-3.ec2.cloud.redislabs.com
Error: getaddrinfo ENOTFOUND redis-14611.c92.us-east-1-3.ec2.cloud.redislabs.com
    at GetAddrInfoReqWrap.onlookupall [as oncomplete] (node:dns:122:26)
2026-07-17 22:58:30 [error]: Redis error: getaddrinfo ENOTFOUND redis-14611.c92.us-east-1-3.ec2.cloud.redislabs.com
Error: getaddrinfo ENOTFOUND redis-14611.c92.us-east-1-3.ec2.cloud.redislabs.com
    at GetAddrInfoReqWrap.onlookupall [as oncomplete] (node:dns:122:26)
2026-07-17 22:58:32 [error]: Redis error: getaddrinfo ENOTFOUND redis-14611.c92.us-east-1-3.ec2.cloud.redislabs.com
Error: getaddrinfo ENOTFOUND redis-14611.c92.us-east-1-3.ec2.cloud.redislabs.com
    at GetAddrInfoReqWrap.onlookupall [as oncomplete] (node:dns:122:26)
2026-07-17 22:58:34 [error]: Redis error: getaddrinfo ENOTFOUND redis-14611.c92.us-east-1-3.ec2.cloud.redislabs.com
Error: getaddrinfo ENOTFOUND redis-14611.c92.us-east-1-3.ec2.cloud.redislabs.com
    at GetAddrInfoReqWrap.onlookupall [as oncomplete] (node:dns:122:26)
2026-07-17 22:58:36 [error]: Redis error: getaddrinfo ENOTFOUND redis-14611.c92.us-east-1-3.ec2.cloud.redislabs.com
Error: getaddrinfo ENOTFOUND redis-14611.c92.us-east-1-3.ec2.cloud.redislabs.com
    at GetAddrInfoReqWrap.onlookupall [as oncomplete] (node:dns:122:26)
2026-07-17 22:58:38 [error]: Redis error: getaddrinfo ENOTFOUND redis-14611.c92.us-east-1-3.ec2.cloud.redislabs.com
Error: getaddrinfo ENOTFOUND redis-14611.c92.us-east-1-3.ec2.cloud.redislabs.com
    at GetAddrInfoReqWrap.onlookupall [as oncomplete] (node:dns:122:26)
2026-07-17 22:58:41 [error]: Redis error: getaddrinfo ENOTFOUND redis-14611.c92.us-east-1-3.ec2.cloud.redislabs.com
Error: getaddrinfo ENOTFOUND redis-14611.c92.us-east-1-3.ec2.cloud.redislabs.com
    at GetAddrInfoReqWrap.onlookupall [as oncomplete] (node:dns:122:26)
2026-07-17 22:58:43 [error]: Redis error: getaddrinfo ENOTFOUND redis-14611.c92.us-east-1-3.ec2.cloud.redislabs.com
Error: getaddrinfo ENOTFOUND redis-14611.c92.us-east-1-3.ec2.cloud.redislabs.com
    at GetAddrInfoReqWrap.onlookupall [as oncomplete] (node:dns:122:26)
2026-07-17 22:58:43 [error]: [POST] /api/user/forgot-password/verify-otp → Invalid OTP.
2026-07-17 22:58:45 [error]: Redis error: getaddrinfo ENOTFOUND redis-14611.c92.us-east-1-3.ec2.cloud.redislabs.com
Error: getaddrinfo ENOTFOUND redis-14611.c92.us-east-1-3.ec2.cloud.redislabs.com
    at GetAddrInfoReqWrap.onlookupall [as oncomplete] (node:dns:122:26)
2026-07-17 22:58:47 [error]: Redis error: getaddrinfo ENOTFOUND redis-14611.c92.us-east-1-3.ec2.cloud.redislabs.com
Error: getaddrinfo ENOTFOUND redis-14611.c92.us-east-1-3.ec2.cloud.redislabs.com
    at GetAddrInfoReqWrap.onlookupall [as oncomplete] (node:dns:122:26)
2026-07-17 22:58:49 [error]: Redis error: getaddrinfo ENOTFOUND redis-14611.c92.us-east-1-3.ec2.cloud.redislabs.com
Error: getaddrinfo ENOTFOUND redis-14611.c92.us-east-1-3.ec2.cloud.redislabs.com
    at GetAddrInfoReqWrap.onlookupall [as oncomplete] (node:dns:122:26)
2026-07-17 22:58:51 [error]: Redis error: getaddrinfo ENOTFOUND redis-14611.c92.us-east-1-3.ec2.cloud.redislabs.com
Error: getaddrinfo ENOTFOUND redis-14611.c92.us-east-1-3.ec2.cloud.redislabs.com
    at GetAddrInfoReqWrap.onlookupall [as oncomplete] (node:dns:122:26)
2026-07-17 22:58:53 [error]: Redis error: getaddrinfo ENOTFOUND redis-14611.c92.us-east-1-3.ec2.cloud.redislabs.com
Error: getaddrinfo ENOTFOUND redis-14611.c92.us-east-1-3.ec2.cloud.redislabs.com
    at GetAddrInfoReqWrap.onlookupall [as oncomplete] (node:dns:122:26)
2026-07-17 22:58:55 [error]: Redis error: getaddrinfo ENOTFOUND redis-14611.c92.us-east-1-3.ec2.cloud.redislabs.com
Error: getaddrinfo ENOTFOUND redis-14611.c92.us-east-1-3.ec2.cloud.redislabs.com
    at GetAddrInfoReqWrap.onlookupall [as oncomplete] (node:dns:122:26)
2026-07-17 22:58:57 [error]: Redis error: getaddrinfo ENOTFOUND redis-14611.c92.us-east-1-3.ec2.cloud.redislabs.com
Error: getaddrinfo ENOTFOUND redis-14611.c92.us-east-1-3.ec2.cloud.redislabs.com
    at GetAddrInfoReqWrap.onlookupall [as oncomplete] (node:dns:122:26)
2026-07-17 22:58:59 [error]: Redis error: getaddrinfo ENOTFOUND redis-14611.c92.us-east-1-3.ec2.cloud.redislabs.com
Error: getaddrinfo ENOTFOUND redis-14611.c92.us-east-1-3.ec2.cloud.redislabs.com
    at GetAddrInfoReqWrap.onlookupall [as oncomplete] (node:dns:122:26)
2026-07-17 22:59:01 [error]: Redis error: getaddrinfo ENOTFOUND redis-14611.c92.us-east-1-3.ec2.cloud.redislabs.com
Error: getaddrinfo ENOTFOUND redis-14611.c92.us-east-1-3.ec2.cloud.redislabs.com
    at GetAddrInfoReqWrap.onlookupall [as oncomplete] (node:dns:122:26)
2026-07-17 22:59:03 [error]: Redis error: getaddrinfo ENOTFOUND redis-14611.c92.us-east-1-3.ec2.cloud.redislabs.com
Error: getaddrinfo ENOTFOUND redis-14611.c92.us-east-1-3.ec2.cloud.redislabs.com
    at GetAddrInfoReqWrap.onlookupall [as oncomplete] (node:dns:122:26)
2026-07-17 22:59:05 [error]: Redis error: getaddrinfo ENOTFOUND redis-14611.c92.us-east-1-3.ec2.cloud.redislabs.com
Error: getaddrinfo ENOTFOUND redis-14611.c92.us-east-1-3.ec2.cloud.redislabs.com
    at GetAddrInfoReqWrap.onlookupall [as oncomplete] (node:dns:122:26)
2026-07-17 22:59:07 [error]: Redis error: getaddrinfo ENOTFOUND redis-14611.c92.us-east-1-3.ec2.cloud.redislabs.com
Error: getaddrinfo ENOTFOUND redis-14611.c92.us-east-1-3.ec2.cloud.redislabs.com
    at GetAddrInfoReqWrap.onlookupall [as oncomplete] (node:dns:122:26)
2026-07-17 22:59:09 [error]: Redis error: getaddrinfo ENOTFOUND redis-14611.c92.us-east-1-3.ec2.cloud.redislabs.com
Error: getaddrinfo ENOTFOUND redis-14611.c92.us-east-1-3.ec2.cloud.redislabs.com
    at GetAddrInfoReqWrap.onlookupall [as oncomplete] (node:dns:122:26)
2026-07-17 22:59:11 [error]: Redis error: getaddrinfo ENOTFOUND redis-14611.c92.us-east-1-3.ec2.cloud.redislabs.com
Error: getaddrinfo ENOTFOUND redis-14611.c92.us-east-1-3.ec2.cloud.redislabs.com
    at GetAddrInfoReqWrap.onlookupall [as oncomplete] (node:dns:122:26)
2026-07-17 22:59:13 [error]: Redis error: getaddrinfo ENOTFOUND redis-14611.c92.us-east-1-3.ec2.cloud.redislabs.com
Error: getaddrinfo ENOTFOUND redis-14611.c92.us-east-1-3.ec2.cloud.redislabs.com
    at GetAddrInfoReqWrap.onlookupall [as oncomplete] (node:dns:122:26)
2026-07-17 22:59:15 [error]: Redis error: getaddrinfo ENOTFOUND redis-14611.c92.us-east-1-3.ec2.cloud.redislabs.com
Error: getaddrinfo ENOTFOUND redis-14611.c92.us-east-1-3.ec2.cloud.redislabs.com
    at GetAddrInfoReqWrap.onlookupall [as oncomplete] (node:dns:122:26)
2026-07-17 22:59:17 [error]: Redis error: getaddrinfo ENOTFOUND redis-14611.c92.us-east-1-3.ec2.cloud.redislabs.com
Error: getaddrinfo ENOTFOUND redis-14611.c92.us-east-1-3.ec2.cloud.redislabs.com
    at GetAddrInfoReqWrap.onlookupall [as oncomplete] (node:dns:122:26)
2026-07-17 22:59:19 [error]: Redis error: getaddrinfo ENOTFOUND redis-14611.c92.us-east-1-3.ec2.cloud.redislabs.com
Error: getaddrinfo ENOTFOUND redis-14611.c92.us-east-1-3.ec2.cloud.redislabs.com
    at GetAddrInfoReqWrap.onlookupall [as oncomplete] (node:dns:122:26)
2026-07-17 22:59:21 [error]: Redis error: getaddrinfo ENOTFOUND redis-14611.c92.us-east-1-3.ec2.cloud.redislabs.com
Error: getaddrinfo ENOTFOUND redis-14611.c92.us-east-1-3.ec2.cloud.redislabs.com
    at GetAddrInfoReqWrap.onlookupall [as oncomplete] (node:dns:122:26)
2026-07-17 22:59:23 [error]: Redis error: getaddrinfo ENOTFOUND redis-14611.c92.us-east-1-3.ec2.cloud.redislabs.com
Error: getaddrinfo ENOTFOUND redis-14611.c92.us-east-1-3.ec2.cloud.redislabs.com
    at GetAddrInfoReqWrap.onlookupall [as oncomplete] (node:dns:122:26)
2026-07-17 22:59:25 [error]: Redis error: getaddrinfo ENOTFOUND redis-14611.c92.us-east-1-3.ec2.cloud.redislabs.com
Error: getaddrinfo ENOTFOUND redis-14611.c92.us-east-1-3.ec2.cloud.redislabs.com
    at GetAddrInfoReqWrap.onlookupall [as oncomplete] (node:dns:122:26)
2026-07-17 22:59:27 [error]: Redis error: getaddrinfo ENOTFOUND redis-14611.c92.us-east-1-3.ec2.cloud.redislabs.com
Error: getaddrinfo ENOTFOUND redis-14611.c92.us-east-1-3.ec2.cloud.redislabs.com
    at GetAddrInfoReqWrap.onlookupall [as oncomplete] (node:dns:122:26)
2026-07-17 22:59:29 [error]: Redis error: getaddrinfo ENOTFOUND redis-14611.c92.us-east-1-3.ec2.cloud.redislabs.com
Error: getaddrinfo ENOTFOUND redis-14611.c92.us-east-1-3.ec2.cloud.redislabs.com
    at GetAddrInfoReqWrap.onlookupall [as oncomplete] (node:dns:122:26)
2026-07-17 22:59:31 [error]: Redis error: getaddrinfo ENOTFOUND redis-14611.c92.us-east-1-3.ec2.cloud.redislabs.com
Error: getaddrinfo ENOTFOUND redis-14611.c92.us-east-1-3.ec2.cloud.redislabs.com
    at GetAddrInfoReqWrap.onlookupall [as oncomplete] (node:dns:122:26)
2026-07-17 22:59:33 [error]: Redis error: getaddrinfo ENOTFOUND redis-14611.c92.us-east-1-3.ec2.cloud.redislabs.com
Error: getaddrinfo ENOTFOUND redis-14611.c92.us-east-1-3.ec2.cloud.redislabs.com
    at GetAddrInfoReqWrap.onlookupall [as oncomplete] (node:dns:122:26)
2026-07-17 22:59:33 [error]: [POST] /api/user/forgot-password/verify-otp → Reached the max retries per request limit (which is 20). Refer to "maxRetriesPerRequest" option for details.
2026-07-17 22:59:35 [error]: Redis error: getaddrinfo ENOTFOUND redis-14611.c92.us-east-1-3.ec2.cloud.redislabs.com
Error: getaddrinfo ENOTFOUND redis-14611.c92.us-east-1-3.ec2.cloud.redislabs.com
    at GetAddrInfoReqWrap.onlookupall [as oncomplete] (node:dns:122:26)
2026-07-17 22:59:37 [error]: Redis error: getaddrinfo ENOTFOUND redis-14611.c92.us-east-1-3.ec2.cloud.redislabs.com
Error: getaddrinfo ENOTFOUND redis-14611.c92.us-east-1-3.ec2.cloud.redislabs.com
    at GetAddrInfoReqWrap.onlookupall [as oncomplete] (node:dns:122:26)
2026-07-17 22:59:39 [error]: Redis error: getaddrinfo ENOTFOUND redis-14611.c92.us-east-1-3.ec2.cloud.redislabs.com
Error: getaddrinfo ENOTFOUND redis-14611.c92.us-east-1-3.ec2.cloud.redislabs.com
    at GetAddrInfoReqWrap.onlookupall [as oncomplete] (node:dns:122:26)
2026-07-17 22:59:41 [error]: Redis error: getaddrinfo ENOTFOUND redis-14611.c92.us-east-1-3.ec2.cloud.redislabs.com
Error: getaddrinfo ENOTFOUND redis-14611.c92.us-east-1-3.ec2.cloud.redislabs.com
    at GetAddrInfoReqWrap.onlookupall [as oncomplete] (node:dns:122:26)
2026-07-17 22:59:43 [error]: Redis error: getaddrinfo ENOTFOUND redis-14611.c92.us-east-1-3.ec2.cloud.redislabs.com
Error: getaddrinfo ENOTFOUND redis-14611.c92.us-east-1-3.ec2.cloud.redislabs.com
    at GetAddrInfoReqWrap.onlookupall [as oncomplete] (node:dns:122:26)
2026-07-17 22:59:45 [error]: Redis error: getaddrinfo ENOTFOUND redis-14611.c92.us-east-1-3.ec2.cloud.redislabs.com
Error: getaddrinfo ENOTFOUND redis-14611.c92.us-east-1-3.ec2.cloud.redislabs.com
    at GetAddrInfoReqWrap.onlookupall [as oncomplete] (node:dns:122:26)
2026-07-17 22:59:47 [error]: Redis error: getaddrinfo ENOTFOUND redis-14611.c92.us-east-1-3.ec2.cloud.redislabs.com
Error: getaddrinfo ENOTFOUND redis-14611.c92.us-east-1-3.ec2.cloud.redislabs.com
    at GetAddrInfoReqWrap.onlookupall [as oncomplete] (node:dns:122:26)
2026-07-17 22:59:49 [error]: Redis error: getaddrinfo ENOTFOUND redis-14611.c92.us-east-1-3.ec2.cloud.redislabs.com
Error: getaddrinfo ENOTFOUND redis-14611.c92.us-east-1-3.ec2.cloud.redislabs.com
    at GetAddrInfoReqWrap.onlookupall [as oncomplete] (node:dns:122:26)
2026-07-17 22:59:51 [error]: Redis error: getaddrinfo ENOTFOUND redis-14611.c92.us-east-1-3.ec2.cloud.redislabs.com
Error: getaddrinfo ENOTFOUND redis-14611.c92.us-east-1-3.ec2.cloud.redislabs.com
    at GetAddrInfoReqWrap.onlookupall [as oncomplete] (node:dns:122:26)
2026-07-17 22:59:53 [error]: Redis error: getaddrinfo ENOTFOUND redis-14611.c92.us-east-1-3.ec2.cloud.redislabs.com
Error: getaddrinfo ENOTFOUND redis-14611.c92.us-east-1-3.ec2.cloud.redislabs.com
    at GetAddrInfoReqWrap.onlookupall [as oncomplete] (node:dns:122:26)
2026-07-17 22:59:55 [error]: Redis error: getaddrinfo ENOTFOUND redis-14611.c92.us-east-1-3.ec2.cloud.redislabs.com
Error: getaddrinfo ENOTFOUND redis-14611.c92.us-east-1-3.ec2.cloud.redislabs.com
    at GetAddrInfoReqWrap.onlookupall [as oncomplete] (node:dns:122:26)
2026-07-17 22:59:57 [error]: Redis error: getaddrinfo ENOTFOUND redis-14611.c92.us-east-1-3.ec2.cloud.redislabs.com
Error: getaddrinfo ENOTFOUND redis-14611.c92.us-east-1-3.ec2.cloud.redislabs.com
    at GetAddrInfoReqWrap.onlookupall [as oncomplete] (node:dns:122:26)
2026-07-17 22:59:59 [error]: Redis error: getaddrinfo ENOTFOUND redis-14611.c92.us-east-1-3.ec2.cloud.redislabs.com
Error: getaddrinfo ENOTFOUND redis-14611.c92.us-east-1-3.ec2.cloud.redislabs.com
    at GetAddrInfoReqWrap.onlookupall [as oncomplete] (node:dns:122:26)
2026-07-17 23:00:01 [error]: Redis error: getaddrinfo ENOTFOUND redis-14611.c92.us-east-1-3.ec2.cloud.redislabs.com
Error: getaddrinfo ENOTFOUND redis-14611.c92.us-east-1-3.ec2.cloud.redislabs.com
    at GetAddrInfoReqWrap.onlookupall [as oncomplete] (node:dns:122:26)
2026-07-17 23:00:03 [error]: Redis error: getaddrinfo ENOTFOUND redis-14611.c92.us-east-1-3.ec2.cloud.redislabs.com
Error: getaddrinfo ENOTFOUND redis-14611.c92.us-east-1-3.ec2.cloud.redislabs.com
    at GetAddrInfoReqWrap.onlookupall [as oncomplete] (node:dns:122:26)
2026-07-17 23:00:05 [error]: Redis error: getaddrinfo ENOTFOUND redis-14611.c92.us-east-1-3.ec2.cloud.redislabs.com
Error: getaddrinfo ENOTFOUND redis-14611.c92.us-east-1-3.ec2.cloud.redislabs.com
    at GetAddrInfoReqWrap.onlookupall [as oncomplete] (node:dns:122:26)
2026-07-17 23:00:07 [error]: Redis error: getaddrinfo ENOTFOUND redis-14611.c92.us-east-1-3.ec2.cloud.redislabs.com
Error: getaddrinfo ENOTFOUND redis-14611.c92.us-east-1-3.ec2.cloud.redislabs.com
    at GetAddrInfoReqWrap.onlookupall [as oncomplete] (node:dns:122:26)
2026-07-17 23:00:09 [error]: Redis error: getaddrinfo ENOTFOUND redis-14611.c92.us-east-1-3.ec2.cloud.redislabs.com
Error: getaddrinfo ENOTFOUND redis-14611.c92.us-east-1-3.ec2.cloud.redislabs.com
    at GetAddrInfoReqWrap.onlookupall [as oncomplete] (node:dns:122:26)
2026-07-17 23:00:11 [error]: Redis error: getaddrinfo ENOTFOUND redis-14611.c92.us-east-1-3.ec2.cloud.redislabs.com
Error: getaddrinfo ENOTFOUND redis-14611.c92.us-east-1-3.ec2.cloud.redislabs.com
    at GetAddrInfoReqWrap.onlookupall [as oncomplete] (node:dns:122:26)
2026-07-17 23:00:13 [error]: Redis error: getaddrinfo ENOTFOUND redis-14611.c92.us-east-1-3.ec2.cloud.redislabs.com
Error: getaddrinfo ENOTFOUND redis-14611.c92.us-east-1-3.ec2.cloud.redislabs.com
    at GetAddrInfoReqWrap.onlookupall [as oncomplete] (node:dns:122:26)
2026-07-17 23:00:15 [error]: Redis error: getaddrinfo ENOTFOUND redis-14611.c92.us-east-1-3.ec2.cloud.redislabs.com
Error: getaddrinfo ENOTFOUND redis-14611.c92.us-east-1-3.ec2.cloud.redislabs.com
    at GetAddrInfoReqWrap.onlookupall [as oncomplete] (node:dns:122:26)
2026-07-17 23:00:17 [error]: Redis error: getaddrinfo ENOTFOUND redis-14611.c92.us-east-1-3.ec2.cloud.redislabs.com
Error: getaddrinfo ENOTFOUND redis-14611.c92.us-east-1-3.ec2.cloud.redislabs.com
    at GetAddrInfoReqWrap.onlookupall [as oncomplete] (node:dns:122:26)
2026-07-17 23:00:19 [error]: Redis error: getaddrinfo ENOTFOUND redis-14611.c92.us-east-1-3.ec2.cloud.redislabs.com
Error: getaddrinfo ENOTFOUND redis-14611.c92.us-east-1-3.ec2.cloud.redislabs.com
    at GetAddrInfoReqWrap.onlookupall [as oncomplete] (node:dns:122:26)
2026-07-17 23:00:21 [error]: Redis error: getaddrinfo ENOTFOUND redis-14611.c92.us-east-1-3.ec2.cloud.redislabs.com
Error: getaddrinfo ENOTFOUND redis-14611.c92.us-east-1-3.ec2.cloud.redislabs.com
    at GetAddrInfoReqWrap.onlookupall [as oncomplete] (node:dns:122:26)
2026-07-17 23:00:23 [error]: Redis error: getaddrinfo ENOTFOUND redis-14611.c92.us-east-1-3.ec2.cloud.redislabs.com
Error: getaddrinfo ENOTFOUND redis-14611.c92.us-east-1-3.ec2.cloud.redislabs.com
    at GetAddrInfoReqWrap.onlookupall [as oncomplete] (node:dns:122:26)
2026-07-17 23:00:25 [error]: Redis error: getaddrinfo ENOTFOUND redis-14611.c92.us-east-1-3.ec2.cloud.redislabs.com
Error: getaddrinfo ENOTFOUND redis-14611.c92.us-east-1-3.ec2.cloud.redislabs.com
    at GetAddrInfoReqWrap.onlookupall [as oncomplete] (node:dns:122:26)
2026-07-17 23:00:27 [error]: Redis error: getaddrinfo ENOTFOUND redis-14611.c92.us-east-1-3.ec2.cloud.redislabs.com
Error: getaddrinfo ENOTFOUND redis-14611.c92.us-east-1-3.ec2.cloud.redislabs.com
    at GetAddrInfoReqWrap.onlookupall [as oncomplete] (node:dns:122:26)
2026-07-17 23:00:29 [error]: Redis error: getaddrinfo ENOTFOUND redis-14611.c92.us-east-1-3.ec2.cloud.redislabs.com
Error: getaddrinfo ENOTFOUND redis-14611.c92.us-east-1-3.ec2.cloud.redislabs.com
    at GetAddrInfoReqWrap.onlookupall [as oncomplete] (node:dns:122:26)
2026-07-17 23:00:31 [error]: Redis error: getaddrinfo ENOTFOUND redis-14611.c92.us-east-1-3.ec2.cloud.redislabs.com
Error: getaddrinfo ENOTFOUND redis-14611.c92.us-east-1-3.ec2.cloud.redislabs.com
    at GetAddrInfoReqWrap.onlookupall [as oncomplete] (node:dns:122:26)
2026-07-17 23:00:33 [error]: Redis error: getaddrinfo ENOTFOUND redis-14611.c92.us-east-1-3.ec2.cloud.redislabs.com
Error: getaddrinfo ENOTFOUND redis-14611.c92.us-east-1-3.ec2.cloud.redislabs.com
    at GetAddrInfoReqWrap.onlookupall [as oncomplete] (node:dns:122:26)
2026-07-17 23:00:35 [error]: Redis error: getaddrinfo ENOTFOUND redis-14611.c92.us-east-1-3.ec2.cloud.redislabs.com
Error: getaddrinfo ENOTFOUND redis-14611.c92.us-east-1-3.ec2.cloud.redislabs.com
    at GetAddrInfoReqWrap.onlookupall [as oncomplete] (node:dns:122:26)
2026-07-17 23:00:37 [error]: Redis error: getaddrinfo ENOTFOUND redis-14611.c92.us-east-1-3.ec2.cloud.redislabs.com
Error: getaddrinfo ENOTFOUND redis-14611.c92.us-east-1-3.ec2.cloud.redislabs.com
    at GetAddrInfoReqWrap.onlookupall [as oncomplete] (node:dns:122:26)
2026-07-17 23:00:39 [error]: Redis error: getaddrinfo ENOTFOUND redis-14611.c92.us-east-1-3.ec2.cloud.redislabs.com
Error: getaddrinfo ENOTFOUND redis-14611.c92.us-east-1-3.ec2.cloud.redislabs.com
    at GetAddrInfoReqWrap.onlookupall [as oncomplete] (node:dns:122:26)
2026-07-17 23:00:41 [error]: Redis error: getaddrinfo ENOTFOUND redis-14611.c92.us-east-1-3.ec2.cloud.redislabs.com
Error: getaddrinfo ENOTFOUND redis-14611.c92.us-east-1-3.ec2.cloud.redislabs.com
    at GetAddrInfoReqWrap.onlookupall [as oncomplete] (node:dns:122:26)
2026-07-17 23:00:43 [error]: Redis error: getaddrinfo ENOTFOUND redis-14611.c92.us-east-1-3.ec2.cloud.redislabs.com
Error: getaddrinfo ENOTFOUND redis-14611.c92.us-east-1-3.ec2.cloud.redislabs.com
    at GetAddrInfoReqWrap.onlookupall [as oncomplete] (node:dns:122:26)
2026-07-17 23:00:45 [error]: Redis error: getaddrinfo ENOTFOUND redis-14611.c92.us-east-1-3.ec2.cloud.redislabs.com
Error: getaddrinfo ENOTFOUND redis-14611.c92.us-east-1-3.ec2.cloud.redislabs.com
    at GetAddrInfoReqWrap.onlookupall [as oncomplete] (node:dns:122:26)
2026-07-17 23:00:47 [error]: Redis error: getaddrinfo ENOTFOUND redis-14611.c92.us-east-1-3.ec2.cloud.redislabs.com
Error: getaddrinfo ENOTFOUND redis-14611.c92.us-east-1-3.ec2.cloud.redislabs.com
    at GetAddrInfoReqWrap.onlookupall [as oncomplete] (node:dns:122:26)
2026-07-17 23:00:49 [error]: Redis error: getaddrinfo ENOTFOUND redis-14611.c92.us-east-1-3.ec2.cloud.redislabs.com
Error: getaddrinfo ENOTFOUND redis-14611.c92.us-east-1-3.ec2.cloud.redislabs.com
    at GetAddrInfoReqWrap.onlookupall [as oncomplete] (node:dns:122:26)
2026-07-17 23:00:51 [error]: Redis error: getaddrinfo ENOTFOUND redis-14611.c92.us-east-1-3.ec2.cloud.redislabs.com
Error: getaddrinfo ENOTFOUND redis-14611.c92.us-east-1-3.ec2.cloud.redislabs.com
    at GetAddrInfoReqWrap.onlookupall [as oncomplete] (node:dns:122:26)
2026-07-17 23:00:53 [error]: Redis error: getaddrinfo ENOTFOUND redis-14611.c92.us-east-1-3.ec2.cloud.redislabs.com
Error: getaddrinfo ENOTFOUND redis-14611.c92.us-east-1-3.ec2.cloud.redislabs.com
    at GetAddrInfoReqWrap.onlookupall [as oncomplete] (node:dns:122:26)
2026-07-17 23:00:55 [error]: Redis error: getaddrinfo ENOTFOUND redis-14611.c92.us-east-1-3.ec2.cloud.redislabs.com
Error: getaddrinfo ENOTFOUND redis-14611.c92.us-east-1-3.ec2.cloud.redislabs.com
    at GetAddrInfoReqWrap.onlookupall [as oncomplete] (node:dns:122:26)
2026-07-17 23:00:57 [error]: Redis error: getaddrinfo ENOTFOUND redis-14611.c92.us-east-1-3.ec2.cloud.redislabs.com
Error: getaddrinfo ENOTFOUND redis-14611.c92.us-east-1-3.ec2.cloud.redislabs.com
    at GetAddrInfoReqWrap.onlookupall [as oncomplete] (node:dns:122:26)
2026-07-17 23:00:59 [error]: Redis error: getaddrinfo ENOTFOUND redis-14611.c92.us-east-1-3.ec2.cloud.redislabs.com
Error: getaddrinfo ENOTFOUND redis-14611.c92.us-east-1-3.ec2.cloud.redislabs.com
    at GetAddrInfoReqWrap.onlookupall [as oncomplete] (node:dns:122:26)
2026-07-17 23:01:01 [error]: Redis error: getaddrinfo ENOTFOUND redis-14611.c92.us-east-1-3.ec2.cloud.redislabs.com
Error: getaddrinfo ENOTFOUND redis-14611.c92.us-east-1-3.ec2.cloud.redislabs.com
    at GetAddrInfoReqWrap.onlookupall [as oncomplete] (node:dns:122:26)
2026-07-17 23:01:03 [error]: Redis error: getaddrinfo ENOTFOUND redis-14611.c92.us-east-1-3.ec2.cloud.redislabs.com
Error: getaddrinfo ENOTFOUND redis-14611.c92.us-east-1-3.ec2.cloud.redislabs.com
    at GetAddrInfoReqWrap.onlookupall [as oncomplete] (node:dns:122:26)
2026-07-17 23:01:05 [error]: Redis error: getaddrinfo ENOTFOUND redis-14611.c92.us-east-1-3.ec2.cloud.redislabs.com
Error: getaddrinfo ENOTFOUND redis-14611.c92.us-east-1-3.ec2.cloud.redislabs.com
    at GetAddrInfoReqWrap.onlookupall [as oncomplete] (node:dns:122:26)
2026-07-17 23:01:07 [error]: Redis error: getaddrinfo ENOTFOUND redis-14611.c92.us-east-1-3.ec2.cloud.redislabs.com
Error: getaddrinfo ENOTFOUND redis-14611.c92.us-east-1-3.ec2.cloud.redislabs.com
    at GetAddrInfoReqWrap.onlookupall [as oncomplete] (node:dns:122:26)
2026-07-17 23:01:09 [error]: Redis error: getaddrinfo ENOTFOUND redis-14611.c92.us-east-1-3.ec2.cloud.redislabs.com
Error: getaddrinfo ENOTFOUND redis-14611.c92.us-east-1-3.ec2.cloud.redislabs.com
    at GetAddrInfoReqWrap.onlookupall [as oncomplete] (node:dns:122:26)
2026-07-17 23:01:11 [error]: Redis error: getaddrinfo ENOTFOUND redis-14611.c92.us-east-1-3.ec2.cloud.redislabs.com
Error: getaddrinfo ENOTFOUND redis-14611.c92.us-east-1-3.ec2.cloud.redislabs.com
    at GetAddrInfoReqWrap.onlookupall [as oncomplete] (node:dns:122:26)
2026-07-17 23:01:13 [error]: Redis error: getaddrinfo ENOTFOUND redis-14611.c92.us-east-1-3.ec2.cloud.redislabs.com
Error: getaddrinfo ENOTFOUND redis-14611.c92.us-east-1-3.ec2.cloud.redislabs.com
    at GetAddrInfoReqWrap.onlookupall [as oncomplete] (node:dns:122:26)
2026-07-17 23:01:16 [error]: Redis error: getaddrinfo ENOTFOUND redis-14611.c92.us-east-1-3.ec2.cloud.redislabs.com
Error: getaddrinfo ENOTFOUND redis-14611.c92.us-east-1-3.ec2.cloud.redislabs.com
    at GetAddrInfoReqWrap.onlookupall [as oncomplete] (node:dns:122:26)
2026-07-17 23:01:18 [error]: Redis error: getaddrinfo ENOTFOUND redis-14611.c92.us-east-1-3.ec2.cloud.redislabs.com
Error: getaddrinfo ENOTFOUND redis-14611.c92.us-east-1-3.ec2.cloud.redislabs.com
    at GetAddrInfoReqWrap.onlookupall [as oncomplete] (node:dns:122:26)
2026-07-17 23:01:20 [error]: Redis error: getaddrinfo ENOTFOUND redis-14611.c92.us-east-1-3.ec2.cloud.redislabs.com
Error: getaddrinfo ENOTFOUND redis-14611.c92.us-east-1-3.ec2.cloud.redislabs.com
    at GetAddrInfoReqWrap.onlookupall [as oncomplete] (node:dns:122:26)
2026-07-17 23:01:22 [error]: Redis error: getaddrinfo ENOTFOUND redis-14611.c92.us-east-1-3.ec2.cloud.redislabs.com
Error: getaddrinfo ENOTFOUND redis-14611.c92.us-east-1-3.ec2.cloud.redislabs.com
    at GetAddrInfoReqWrap.onlookupall [as oncomplete] (node:dns:122:26)
2026-07-17 23:01:24 [error]: Redis error: getaddrinfo ENOTFOUND redis-14611.c92.us-east-1-3.ec2.cloud.redislabs.com
Error: getaddrinfo ENOTFOUND redis-14611.c92.us-east-1-3.ec2.cloud.redislabs.com
    at GetAddrInfoReqWrap.onlookupall [as oncomplete] (node:dns:122:26)
2026-07-17 23:01:26 [error]: Redis error: getaddrinfo ENOTFOUND redis-14611.c92.us-east-1-3.ec2.cloud.redislabs.com
Error: getaddrinfo ENOTFOUND redis-14611.c92.us-east-1-3.ec2.cloud.redislabs.com
    at GetAddrInfoReqWrap.onlookupall [as oncomplete] (node:dns:122:26)
2026-07-17 23:01:28 [error]: Redis error: getaddrinfo ENOTFOUND redis-14611.c92.us-east-1-3.ec2.cloud.redislabs.com
Error: getaddrinfo ENOTFOUND redis-14611.c92.us-east-1-3.ec2.cloud.redislabs.com
    at GetAddrInfoReqWrap.onlookupall [as oncomplete] (node:dns:122:26)
2026-07-17 23:01:30 [error]: Redis error: getaddrinfo ENOTFOUND redis-14611.c92.us-east-1-3.ec2.cloud.redislabs.com
Error: getaddrinfo ENOTFOUND redis-14611.c92.us-east-1-3.ec2.cloud.redislabs.com
    at GetAddrInfoReqWrap.onlookupall [as oncomplete] (node:dns:122:26)
2026-07-17 23:01:32 [error]: Redis error: getaddrinfo ENOTFOUND redis-14611.c92.us-east-1-3.ec2.cloud.redislabs.com
Error: getaddrinfo ENOTFOUND redis-14611.c92.us-east-1-3.ec2.cloud.redislabs.com
    at GetAddrInfoReqWrap.onlookupall [as oncomplete] (node:dns:122:26)
2026-07-17 23:01:34 [error]: Redis error: getaddrinfo ENOTFOUND redis-14611.c92.us-east-1-3.ec2.cloud.redislabs.com
Error: getaddrinfo ENOTFOUND redis-14611.c92.us-east-1-3.ec2.cloud.redislabs.com
    at GetAddrInfoReqWrap.onlookupall [as oncomplete] (node:dns:122:26)
2026-07-17 23:01:36 [error]: Redis error: getaddrinfo ENOTFOUND redis-14611.c92.us-east-1-3.ec2.cloud.redislabs.com
Error: getaddrinfo ENOTFOUND redis-14611.c92.us-east-1-3.ec2.cloud.redislabs.com
    at GetAddrInfoReqWrap.onlookupall [as oncomplete] (node:dns:122:26)
2026-07-17 23:01:38 [error]: Redis error: getaddrinfo ENOTFOUND redis-14611.c92.us-east-1-3.ec2.cloud.redislabs.com
Error: getaddrinfo ENOTFOUND redis-14611.c92.us-east-1-3.ec2.cloud.redislabs.com
    at GetAddrInfoReqWrap.onlookupall [as oncomplete] (node:dns:122:26)
2026-07-17 23:01:40 [error]: Redis error: getaddrinfo ENOTFOUND redis-14611.c92.us-east-1-3.ec2.cloud.redislabs.com
Error: getaddrinfo ENOTFOUND redis-14611.c92.us-east-1-3.ec2.cloud.redislabs.com
    at GetAddrInfoReqWrap.onlookupall [as oncomplete] (node:dns:122:26)
2026-07-17 23:01:42 [error]: Redis error: getaddrinfo ENOTFOUND redis-14611.c92.us-east-1-3.ec2.cloud.redislabs.com
Error: getaddrinfo ENOTFOUND redis-14611.c92.us-east-1-3.ec2.cloud.redislabs.com
    at GetAddrInfoReqWrap.onlookupall [as oncomplete] (node:dns:122:26)
2026-07-17 23:01:44 [error]: Redis error: getaddrinfo ENOTFOUND redis-14611.c92.us-east-1-3.ec2.cloud.redislabs.com
Error: getaddrinfo ENOTFOUND redis-14611.c92.us-east-1-3.ec2.cloud.redislabs.com
    at GetAddrInfoReqWrap.onlookupall [as oncomplete] (node:dns:122:26)
2026-07-17 23:01:46 [error]: Redis error: getaddrinfo ENOTFOUND redis-14611.c92.us-east-1-3.ec2.cloud.redislabs.com
Error: getaddrinfo ENOTFOUND redis-14611.c92.us-east-1-3.ec2.cloud.redislabs.com
    at GetAddrInfoReqWrap.onlookupall [as oncomplete] (node:dns:122:26)
2026-07-17 23:01:48 [error]: Redis error: getaddrinfo ENOTFOUND redis-14611.c92.us-east-1-3.ec2.cloud.redislabs.com
Error: getaddrinfo ENOTFOUND redis-14611.c92.us-east-1-3.ec2.cloud.redislabs.com
    at GetAddrInfoReqWrap.onlookupall [as oncomplete] (node:dns:122:26)
2026-07-17 23:01:50 [error]: Redis error: getaddrinfo ENOTFOUND redis-14611.c92.us-east-1-3.ec2.cloud.redislabs.com
Error: getaddrinfo ENOTFOUND redis-14611.c92.us-east-1-3.ec2.cloud.redislabs.com
    at GetAddrInfoReqWrap.onlookupall [as oncomplete] (node:dns:122:26)
2026-07-17 23:01:52 [error]: Redis error: getaddrinfo ENOTFOUND redis-14611.c92.us-east-1-3.ec2.cloud.redislabs.com
Error: getaddrinfo ENOTFOUND redis-14611.c92.us-east-1-3.ec2.cloud.redislabs.com
    at GetAddrInfoReqWrap.onlookupall [as oncomplete] (node:dns:122:26)
2026-07-17 23:01:54 [error]: Redis error: getaddrinfo ENOTFOUND redis-14611.c92.us-east-1-3.ec2.cloud.redislabs.com
Error: getaddrinfo ENOTFOUND redis-14611.c92.us-east-1-3.ec2.cloud.redislabs.com
    at GetAddrInfoReqWrap.onlookupall [as oncomplete] (node:dns:122:26)
2026-07-17 23:01:56 [error]: Redis error: getaddrinfo ENOTFOUND redis-14611.c92.us-east-1-3.ec2.cloud.redislabs.com
Error: getaddrinfo ENOTFOUND redis-14611.c92.us-east-1-3.ec2.cloud.redislabs.com
    at GetAddrInfoReqWrap.onlookupall [as oncomplete] (node:dns:122:26)
2026-07-17 23:01:58 [error]: Redis error: getaddrinfo ENOTFOUND redis-14611.c92.us-east-1-3.ec2.cloud.redislabs.com
Error: getaddrinfo ENOTFOUND redis-14611.c92.us-east-1-3.ec2.cloud.redislabs.com
    at GetAddrInfoReqWrap.onlookupall [as oncomplete] (node:dns:122:26)
2026-07-17 23:02:00 [error]: Redis error: getaddrinfo ENOTFOUND redis-14611.c92.us-east-1-3.ec2.cloud.redislabs.com
Error: getaddrinfo ENOTFOUND redis-14611.c92.us-east-1-3.ec2.cloud.redislabs.com
    at GetAddrInfoReqWrap.onlookupall [as oncomplete] (node:dns:122:26)
2026-07-17 23:02:02 [error]: Redis error: getaddrinfo ENOTFOUND redis-14611.c92.us-east-1-3.ec2.cloud.redislabs.com
Error: getaddrinfo ENOTFOUND redis-14611.c92.us-east-1-3.ec2.cloud.redislabs.com
    at GetAddrInfoReqWrap.onlookupall [as oncomplete] (node:dns:122:26)
2026-07-17 23:02:04 [error]: Redis error: getaddrinfo ENOTFOUND redis-14611.c92.us-east-1-3.ec2.cloud.redislabs.com
Error: getaddrinfo ENOTFOUND redis-14611.c92.us-east-1-3.ec2.cloud.redislabs.com
    at GetAddrInfoReqWrap.onlookupall [as oncomplete] (node:dns:122:26)
2026-07-17 23:02:06 [error]: Redis error: getaddrinfo ENOTFOUND redis-14611.c92.us-east-1-3.ec2.cloud.redislabs.com
Error: getaddrinfo ENOTFOUND redis-14611.c92.us-east-1-3.ec2.cloud.redislabs.com
    at GetAddrInfoReqWrap.onlookupall [as oncomplete] (node:dns:122:26)
2026-07-17 23:02:08 [error]: Redis error: getaddrinfo ENOTFOUND redis-14611.c92.us-east-1-3.ec2.cloud.redislabs.com
Error: getaddrinfo ENOTFOUND redis-14611.c92.us-east-1-3.ec2.cloud.redislabs.com
    at GetAddrInfoReqWrap.onlookupall [as oncomplete] (node:dns:122:26)
2026-07-17 23:02:10 [error]: Redis error: getaddrinfo ENOTFOUND redis-14611.c92.us-east-1-3.ec2.cloud.redislabs.com
Error: getaddrinfo ENOTFOUND redis-14611.c92.us-east-1-3.ec2.cloud.redislabs.com
    at GetAddrInfoReqWrap.onlookupall [as oncomplete] (node:dns:122:26)
2026-07-17 23:02:12 [error]: Redis error: getaddrinfo ENOTFOUND redis-14611.c92.us-east-1-3.ec2.cloud.redislabs.com
Error: getaddrinfo ENOTFOUND redis-14611.c92.us-east-1-3.ec2.cloud.redislabs.com
    at GetAddrInfoReqWrap.onlookupall [as oncomplete] (node:dns:122:26)
2026-07-17 23:02:14 [error]: Redis error: getaddrinfo ENOTFOUND redis-14611.c92.us-east-1-3.ec2.cloud.redislabs.com
Error: getaddrinfo ENOTFOUND redis-14611.c92.us-east-1-3.ec2.cloud.redislabs.com
    at GetAddrInfoReqWrap.onlookupall [as oncomplete] (node:dns:122:26)
2026-07-17 23:02:16 [error]: Redis error: getaddrinfo ENOTFOUND redis-14611.c92.us-east-1-3.ec2.cloud.redislabs.com
Error: getaddrinfo ENOTFOUND redis-14611.c92.us-east-1-3.ec2.cloud.redislabs.com
    at GetAddrInfoReqWrap.onlookupall [as oncomplete] (node:dns:122:26)
2026-07-17 23:02:18 [error]: Redis error: getaddrinfo ENOTFOUND redis-14611.c92.us-east-1-3.ec2.cloud.redislabs.com
Error: getaddrinfo ENOTFOUND redis-14611.c92.us-east-1-3.ec2.cloud.redislabs.com
    at GetAddrInfoReqWrap.onlookupall [as oncomplete] (node:dns:122:26)
2026-07-17 23:02:20 [error]: Redis error: getaddrinfo ENOTFOUND redis-14611.c92.us-east-1-3.ec2.cloud.redislabs.com
Error: getaddrinfo ENOTFOUND redis-14611.c92.us-east-1-3.ec2.cloud.redislabs.com
    at GetAddrInfoReqWrap.onlookupall [as oncomplete] (node:dns:122:26)
2026-07-17 23:02:22 [error]: Redis error: getaddrinfo ENOTFOUND redis-14611.c92.us-east-1-3.ec2.cloud.redislabs.com
Error: getaddrinfo ENOTFOUND redis-14611.c92.us-east-1-3.ec2.cloud.redislabs.com
    at GetAddrInfoReqWrap.onlookupall [as oncomplete] (node:dns:122:26)
2026-07-17 23:02:24 [error]: Redis error: getaddrinfo ENOTFOUND redis-14611.c92.us-east-1-3.ec2.cloud.redislabs.com
Error: getaddrinfo ENOTFOUND redis-14611.c92.us-east-1-3.ec2.cloud.redislabs.com
    at GetAddrInfoReqWrap.onlookupall [as oncomplete] (node:dns:122:26)
2026-07-17 23:02:26 [error]: Redis error: getaddrinfo ENOTFOUND redis-14611.c92.us-east-1-3.ec2.cloud.redislabs.com
Error: getaddrinfo ENOTFOUND redis-14611.c92.us-east-1-3.ec2.cloud.redislabs.com
    at GetAddrInfoReqWrap.onlookupall [as oncomplete] (node:dns:122:26)
2026-07-17 23:02:28 [error]: Redis error: getaddrinfo ENOTFOUND redis-14611.c92.us-east-1-3.ec2.cloud.redislabs.com
Error: getaddrinfo ENOTFOUND redis-14611.c92.us-east-1-3.ec2.cloud.redislabs.com
    at GetAddrInfoReqWrap.onlookupall [as oncomplete] (node:dns:122:26)
2026-07-17 23:02:30 [error]: Redis error: getaddrinfo ENOTFOUND redis-14611.c92.us-east-1-3.ec2.cloud.redislabs.com
Error: getaddrinfo ENOTFOUND redis-14611.c92.us-east-1-3.ec2.cloud.redislabs.com
    at GetAddrInfoReqWrap.onlookupall [as oncomplete] (node:dns:122:26)
2026-07-17 23:02:32 [error]: Redis error: getaddrinfo ENOTFOUND redis-14611.c92.us-east-1-3.ec2.cloud.redislabs.com
Error: getaddrinfo ENOTFOUND redis-14611.c92.us-east-1-3.ec2.cloud.redislabs.com
    at GetAddrInfoReqWrap.onlookupall [as oncomplete] (node:dns:122:26)
2026-07-17 23:02:34 [error]: Redis error: getaddrinfo ENOTFOUND redis-14611.c92.us-east-1-3.ec2.cloud.redislabs.com
Error: getaddrinfo ENOTFOUND redis-14611.c92.us-east-1-3.ec2.cloud.redislabs.com
    at GetAddrInfoReqWrap.onlookupall [as oncomplete] (node:dns:122:26)
2026-07-17 23:02:36 [error]: Redis error: getaddrinfo ENOTFOUND redis-14611.c92.us-east-1-3.ec2.cloud.redislabs.com
Error: getaddrinfo ENOTFOUND redis-14611.c92.us-east-1-3.ec2.cloud.redislabs.com
    at GetAddrInfoReqWrap.onlookupall [as oncomplete] (node:dns:122:26)
2026-07-17 23:02:38 [error]: Redis error: getaddrinfo ENOTFOUND redis-14611.c92.us-east-1-3.ec2.cloud.redislabs.com
Error: getaddrinfo ENOTFOUND redis-14611.c92.us-east-1-3.ec2.cloud.redislabs.com
    at GetAddrInfoReqWrap.onlookupall [as oncomplete] (node:dns:122:26)
2026-07-17 23:02:40 [error]: Redis error: getaddrinfo ENOTFOUND redis-14611.c92.us-east-1-3.ec2.cloud.redislabs.com
Error: getaddrinfo ENOTFOUND redis-14611.c92.us-east-1-3.ec2.cloud.redislabs.com
    at GetAddrInfoReqWrap.onlookupall [as oncomplete] (node:dns:122:26)
2026-07-17 23:02:42 [error]: Redis error: getaddrinfo ENOTFOUND redis-14611.c92.us-east-1-3.ec2.cloud.redislabs.com
Error: getaddrinfo ENOTFOUND redis-14611.c92.us-east-1-3.ec2.cloud.redislabs.com
    at GetAddrInfoReqWrap.onlookupall [as oncomplete] (node:dns:122:26)
2026-07-17 23:02:44 [error]: Redis error: getaddrinfo ENOTFOUND redis-14611.c92.us-east-1-3.ec2.cloud.redislabs.com
Error: getaddrinfo ENOTFOUND redis-14611.c92.us-east-1-3.ec2.cloud.redislabs.com
    at GetAddrInfoReqWrap.onlookupall [as oncomplete] (node:dns:122:26)
2026-07-17 23:02:46 [error]: Redis error: getaddrinfo ENOTFOUND redis-14611.c92.us-east-1-3.ec2.cloud.redislabs.com
Error: getaddrinfo ENOTFOUND redis-14611.c92.us-east-1-3.ec2.cloud.redislabs.com
    at GetAddrInfoReqWrap.onlookupall [as oncomplete] (node:dns:122:26)
2026-07-17 23:02:48 [error]: Redis error: getaddrinfo ENOTFOUND redis-14611.c92.us-east-1-3.ec2.cloud.redislabs.com
Error: getaddrinfo ENOTFOUND redis-14611.c92.us-east-1-3.ec2.cloud.redislabs.com
    at GetAddrInfoReqWrap.onlookupall [as oncomplete] (node:dns:122:26)
2026-07-17 23:02:50 [error]: Redis error: getaddrinfo ENOTFOUND redis-14611.c92.us-east-1-3.ec2.cloud.redislabs.com
Error: getaddrinfo ENOTFOUND redis-14611.c92.us-east-1-3.ec2.cloud.redislabs.com
    at GetAddrInfoReqWrap.onlookupall [as oncomplete] (node:dns:122:26)
2026-07-17 23:02:52 [error]: Redis error: getaddrinfo ENOTFOUND redis-14611.c92.us-east-1-3.ec2.cloud.redislabs.com
Error: getaddrinfo ENOTFOUND redis-14611.c92.us-east-1-3.ec2.cloud.redislabs.com
    at GetAddrInfoReqWrap.onlookupall [as oncomplete] (node:dns:122:26)
2026-07-17 23:02:54 [error]: Redis error: getaddrinfo ENOTFOUND redis-14611.c92.us-east-1-3.ec2.cloud.redislabs.com
Error: getaddrinfo ENOTFOUND redis-14611.c92.us-east-1-3.ec2.cloud.redislabs.com
    at GetAddrInfoReqWrap.onlookupall [as oncomplete] (node:dns:122:26)
2026-07-17 23:02:56 [error]: Redis error: getaddrinfo ENOTFOUND redis-14611.c92.us-east-1-3.ec2.cloud.redislabs.com
Error: getaddrinfo ENOTFOUND redis-14611.c92.us-east-1-3.ec2.cloud.redislabs.com
    at GetAddrInfoReqWrap.onlookupall [as oncomplete] (node:dns:122:26)
2026-07-17 23:02:58 [error]: Redis error: getaddrinfo ENOTFOUND redis-14611.c92.us-east-1-3.ec2.cloud.redislabs.com
Error: getaddrinfo ENOTFOUND redis-14611.c92.us-east-1-3.ec2.cloud.redislabs.com
    at GetAddrInfoReqWrap.onlookupall [as oncomplete] (node:dns:122:26)
2026-07-17 23:03:00 [error]: Redis error: getaddrinfo ENOTFOUND redis-14611.c92.us-east-1-3.ec2.cloud.redislabs.com
Error: getaddrinfo ENOTFOUND redis-14611.c92.us-east-1-3.ec2.cloud.redislabs.com
    at GetAddrInfoReqWrap.onlookupall [as oncomplete] (node:dns:122:26)
2026-07-17 23:03:02 [error]: Redis error: getaddrinfo ENOTFOUND redis-14611.c92.us-east-1-3.ec2.cloud.redislabs.com
Error: getaddrinfo ENOTFOUND redis-14611.c92.us-east-1-3.ec2.cloud.redislabs.com
    at GetAddrInfoReqWrap.onlookupall [as oncomplete] (node:dns:122:26)
2026-07-17 23:03:04 [error]: Redis error: getaddrinfo ENOTFOUND redis-14611.c92.us-east-1-3.ec2.cloud.redislabs.com
Error: getaddrinfo ENOTFOUND redis-14611.c92.us-east-1-3.ec2.cloud.redislabs.com
    at GetAddrInfoReqWrap.onlookupall [as oncomplete] (node:dns:122:26)
2026-07-17 23:05:49 [error]: Redis error: getaddrinfo ENOTFOUND redis-14611.c92.us-east-1-3.ec2.cloud.redislabs.com
Error: getaddrinfo ENOTFOUND redis-14611.c92.us-east-1-3.ec2.cloud.redislabs.com
    at GetAddrInfoReqWrap.onlookupall [as oncomplete] (node:dns:122:26)
2026-07-17 23:05:49 [error]: Redis error: getaddrinfo ENOTFOUND redis-14611.c92.us-east-1-3.ec2.cloud.redislabs.com
Error: getaddrinfo ENOTFOUND redis-14611.c92.us-east-1-3.ec2.cloud.redislabs.com
    at GetAddrInfoReqWrap.onlookupall [as oncomplete] (node:dns:122:26)
2026-07-17 23:05:49 [error]: Redis error: getaddrinfo ENOTFOUND redis-14611.c92.us-east-1-3.ec2.cloud.redislabs.com
Error: getaddrinfo ENOTFOUND redis-14611.c92.us-east-1-3.ec2.cloud.redislabs.com
    at GetAddrInfoReqWrap.onlookupall [as oncomplete] (node:dns:122:26)
2026-07-17 23:05:49 [error]: Redis error: getaddrinfo ENOTFOUND redis-14611.c92.us-east-1-3.ec2.cloud.redislabs.com
Error: getaddrinfo ENOTFOUND redis-14611.c92.us-east-1-3.ec2.cloud.redislabs.com
    at GetAddrInfoReqWrap.onlookupall [as oncomplete] (node:dns:122:26)
2026-07-17 23:05:49 [error]: Redis error: getaddrinfo ENOTFOUND redis-14611.c92.us-east-1-3.ec2.cloud.redislabs.com
Error: getaddrinfo ENOTFOUND redis-14611.c92.us-east-1-3.ec2.cloud.redislabs.com
    at GetAddrInfoReqWrap.onlookupall [as oncomplete] (node:dns:122:26)
2026-07-17 23:05:50 [error]: Redis error: getaddrinfo ENOTFOUND redis-14611.c92.us-east-1-3.ec2.cloud.redislabs.com
Error: getaddrinfo ENOTFOUND redis-14611.c92.us-east-1-3.ec2.cloud.redislabs.com
    at GetAddrInfoReqWrap.onlookupall [as oncomplete] (node:dns:122:26)
2026-07-17 23:05:50 [error]: Redis error: getaddrinfo ENOTFOUND redis-14611.c92.us-east-1-3.ec2.cloud.redislabs.com
Error: getaddrinfo ENOTFOUND redis-14611.c92.us-east-1-3.ec2.cloud.redislabs.com
    at GetAddrInfoReqWrap.onlookupall [as oncomplete] (node:dns:122:26)
2026-07-17 23:05:50 [error]: Redis error: getaddrinfo ENOTFOUND redis-14611.c92.us-east-1-3.ec2.cloud.redislabs.com
Error: getaddrinfo ENOTFOUND redis-14611.c92.us-east-1-3.ec2.cloud.redislabs.com
    at GetAddrInfoReqWrap.onlookupall [as oncomplete] (node:dns:122:26)
2026-07-17 23:05:51 [error]: Redis error: getaddrinfo ENOTFOUND redis-14611.c92.us-east-1-3.ec2.cloud.redislabs.com
Error: getaddrinfo ENOTFOUND redis-14611.c92.us-east-1-3.ec2.cloud.redislabs.com
    at GetAddrInfoReqWrap.onlookupall [as oncomplete] (node:dns:122:26)
2026-07-17 23:05:51 [error]: Redis error: getaddrinfo ENOTFOUND redis-14611.c92.us-east-1-3.ec2.cloud.redislabs.com
Error: getaddrinfo ENOTFOUND redis-14611.c92.us-east-1-3.ec2.cloud.redislabs.com
    at GetAddrInfoReqWrap.onlookupall [as oncomplete] (node:dns:122:26)
2026-07-17 23:05:52 [error]: Redis error: getaddrinfo ENOTFOUND redis-14611.c92.us-east-1-3.ec2.cloud.redislabs.com
Error: getaddrinfo ENOTFOUND redis-14611.c92.us-east-1-3.ec2.cloud.redislabs.com
    at GetAddrInfoReqWrap.onlookupall [as oncomplete] (node:dns:122:26)
2026-07-17 23:05:52 [error]: Redis error: getaddrinfo ENOTFOUND redis-14611.c92.us-east-1-3.ec2.cloud.redislabs.com
Error: getaddrinfo ENOTFOUND redis-14611.c92.us-east-1-3.ec2.cloud.redislabs.com
    at GetAddrInfoReqWrap.onlookupall [as oncomplete] (node:dns:122:26)
2026-07-17 23:05:53 [error]: Redis error: getaddrinfo ENOTFOUND redis-14611.c92.us-east-1-3.ec2.cloud.redislabs.com
Error: getaddrinfo ENOTFOUND redis-14611.c92.us-east-1-3.ec2.cloud.redislabs.com
    at GetAddrInfoReqWrap.onlookupall [as oncomplete] (node:dns:122:26)
2026-07-17 23:05:54 [error]: Redis error: getaddrinfo ENOTFOUND redis-14611.c92.us-east-1-3.ec2.cloud.redislabs.com
Error: getaddrinfo ENOTFOUND redis-14611.c92.us-east-1-3.ec2.cloud.redislabs.com
    at GetAddrInfoReqWrap.onlookupall [as oncomplete] (node:dns:122:26)
2026-07-17 23:05:54 [error]: Redis error: getaddrinfo ENOTFOUND redis-14611.c92.us-east-1-3.ec2.cloud.redislabs.com
Error: getaddrinfo ENOTFOUND redis-14611.c92.us-east-1-3.ec2.cloud.redislabs.com
    at GetAddrInfoReqWrap.onlookupall [as oncomplete] (node:dns:122:26)
2026-07-17 23:05:55 [error]: Redis error: getaddrinfo ENOTFOUND redis-14611.c92.us-east-1-3.ec2.cloud.redislabs.com
Error: getaddrinfo ENOTFOUND redis-14611.c92.us-east-1-3.ec2.cloud.redislabs.com
    at GetAddrInfoReqWrap.onlookupall [as oncomplete] (node:dns:122:26)
2026-07-17 23:05:56 [error]: Redis error: getaddrinfo ENOTFOUND redis-14611.c92.us-east-1-3.ec2.cloud.redislabs.com
Error: getaddrinfo ENOTFOUND redis-14611.c92.us-east-1-3.ec2.cloud.redislabs.com
    at GetAddrInfoReqWrap.onlookupall [as oncomplete] (node:dns:122:26)
2026-07-17 23:05:57 [error]: Redis error: getaddrinfo ENOTFOUND redis-14611.c92.us-east-1-3.ec2.cloud.redislabs.com
Error: getaddrinfo ENOTFOUND redis-14611.c92.us-east-1-3.ec2.cloud.redislabs.com
    at GetAddrInfoReqWrap.onlookupall [as oncomplete] (node:dns:122:26)
2026-07-17 23:05:58 [error]: Redis error: getaddrinfo ENOTFOUND redis-14611.c92.us-east-1-3.ec2.cloud.redislabs.com
Error: getaddrinfo ENOTFOUND redis-14611.c92.us-east-1-3.ec2.cloud.redislabs.com
    at GetAddrInfoReqWrap.onlookupall [as oncomplete] (node:dns:122:26)
2026-07-17 23:05:59 [error]: Redis error: getaddrinfo ENOTFOUND redis-14611.c92.us-east-1-3.ec2.cloud.redislabs.com
Error: getaddrinfo ENOTFOUND redis-14611.c92.us-east-1-3.ec2.cloud.redislabs.com
    at GetAddrInfoReqWrap.onlookupall [as oncomplete] (node:dns:122:26)
2026-07-17 23:06:00 [error]: Redis error: getaddrinfo ENOTFOUND redis-14611.c92.us-east-1-3.ec2.cloud.redislabs.com
Error: getaddrinfo ENOTFOUND redis-14611.c92.us-east-1-3.ec2.cloud.redislabs.com
    at GetAddrInfoReqWrap.onlookupall [as oncomplete] (node:dns:122:26)
2026-07-17 23:06:00 [error]: [POST] /api/user/forgot-password/verify-otp → Reached the max retries per request limit (which is 20). Refer to "maxRetriesPerRequest" option for details.
2026-07-17 23:06:01 [error]: Redis error: getaddrinfo ENOTFOUND redis-14611.c92.us-east-1-3.ec2.cloud.redislabs.com
Error: getaddrinfo ENOTFOUND redis-14611.c92.us-east-1-3.ec2.cloud.redislabs.com
    at GetAddrInfoReqWrap.onlookupall [as oncomplete] (node:dns:122:26)
2026-07-17 23:06:02 [error]: Redis error: getaddrinfo ENOTFOUND redis-14611.c92.us-east-1-3.ec2.cloud.redislabs.com
Error: getaddrinfo ENOTFOUND redis-14611.c92.us-east-1-3.ec2.cloud.redislabs.com
    at GetAddrInfoReqWrap.onlookupall [as oncomplete] (node:dns:122:26)
2026-07-17 23:06:03 [error]: Redis error: getaddrinfo ENOTFOUND redis-14611.c92.us-east-1-3.ec2.cloud.redislabs.com
Error: getaddrinfo ENOTFOUND redis-14611.c92.us-east-1-3.ec2.cloud.redislabs.com
    at GetAddrInfoReqWrap.onlookupall [as oncomplete] (node:dns:122:26)
2026-07-17 23:06:04 [error]: Redis error: getaddrinfo ENOTFOUND redis-14611.c92.us-east-1-3.ec2.cloud.redislabs.com
Error: getaddrinfo ENOTFOUND redis-14611.c92.us-east-1-3.ec2.cloud.redislabs.com
    at GetAddrInfoReqWrap.onlookupall [as oncomplete] (node:dns:122:26)
2026-07-17 23:06:05 [error]: Redis error: getaddrinfo ENOTFOUND redis-14611.c92.us-east-1-3.ec2.cloud.redislabs.com
Error: getaddrinfo ENOTFOUND redis-14611.c92.us-east-1-3.ec2.cloud.redislabs.com
    at GetAddrInfoReqWrap.onlookupall [as oncomplete] (node:dns:122:26)
2026-07-17 23:06:07 [error]: Redis error: getaddrinfo ENOTFOUND redis-14611.c92.us-east-1-3.ec2.cloud.redislabs.com
Error: getaddrinfo ENOTFOUND redis-14611.c92.us-east-1-3.ec2.cloud.redislabs.com
    at GetAddrInfoReqWrap.onlookupall [as oncomplete] (node:dns:122:26)
2026-07-17 23:06:08 [error]: Redis error: getaddrinfo ENOTFOUND redis-14611.c92.us-east-1-3.ec2.cloud.redislabs.com
Error: getaddrinfo ENOTFOUND redis-14611.c92.us-east-1-3.ec2.cloud.redislabs.com
    at GetAddrInfoReqWrap.onlookupall [as oncomplete] (node:dns:122:26)
2026-07-17 23:06:10 [error]: Redis error: getaddrinfo ENOTFOUND redis-14611.c92.us-east-1-3.ec2.cloud.redislabs.com
Error: getaddrinfo ENOTFOUND redis-14611.c92.us-east-1-3.ec2.cloud.redislabs.com
    at GetAddrInfoReqWrap.onlookupall [as oncomplete] (node:dns:122:26)
2026-07-17 23:06:11 [error]: Redis error: getaddrinfo ENOTFOUND redis-14611.c92.us-east-1-3.ec2.cloud.redislabs.com
Error: getaddrinfo ENOTFOUND redis-14611.c92.us-east-1-3.ec2.cloud.redislabs.com
    at GetAddrInfoReqWrap.onlookupall [as oncomplete] (node:dns:122:26)
2026-07-17 23:06:13 [error]: Redis error: getaddrinfo ENOTFOUND redis-14611.c92.us-east-1-3.ec2.cloud.redislabs.com
Error: getaddrinfo ENOTFOUND redis-14611.c92.us-east-1-3.ec2.cloud.redislabs.com
    at GetAddrInfoReqWrap.onlookupall [as oncomplete] (node:dns:122:26)
2026-07-17 23:06:14 [error]: Redis error: getaddrinfo ENOTFOUND redis-14611.c92.us-east-1-3.ec2.cloud.redislabs.com
Error: getaddrinfo ENOTFOUND redis-14611.c92.us-east-1-3.ec2.cloud.redislabs.com
    at GetAddrInfoReqWrap.onlookupall [as oncomplete] (node:dns:122:26)
2026-07-17 23:06:16 [error]: Redis error: getaddrinfo ENOTFOUND redis-14611.c92.us-east-1-3.ec2.cloud.redislabs.com
Error: getaddrinfo ENOTFOUND redis-14611.c92.us-east-1-3.ec2.cloud.redislabs.com
    at GetAddrInfoReqWrap.onlookupall [as oncomplete] (node:dns:122:26)
2026-07-17 23:06:17 [error]: Redis error: getaddrinfo ENOTFOUND redis-14611.c92.us-east-1-3.ec2.cloud.redislabs.com
Error: getaddrinfo ENOTFOUND redis-14611.c92.us-east-1-3.ec2.cloud.redislabs.com
    at GetAddrInfoReqWrap.onlookupall [as oncomplete] (node:dns:122:26)
2026-07-17 23:06:19 [error]: Redis error: getaddrinfo ENOTFOUND redis-14611.c92.us-east-1-3.ec2.cloud.redislabs.com
Error: getaddrinfo ENOTFOUND redis-14611.c92.us-east-1-3.ec2.cloud.redislabs.com
    at GetAddrInfoReqWrap.onlookupall [as oncomplete] (node:dns:122:26)
2026-07-17 23:06:21 [error]: Redis error: getaddrinfo ENOTFOUND redis-14611.c92.us-east-1-3.ec2.cloud.redislabs.com
Error: getaddrinfo ENOTFOUND redis-14611.c92.us-east-1-3.ec2.cloud.redislabs.com
    at GetAddrInfoReqWrap.onlookupall [as oncomplete] (node:dns:122:26)
2026-07-17 23:06:23 [error]: Redis error: getaddrinfo ENOTFOUND redis-14611.c92.us-east-1-3.ec2.cloud.redislabs.com
Error: getaddrinfo ENOTFOUND redis-14611.c92.us-east-1-3.ec2.cloud.redislabs.com
    at GetAddrInfoReqWrap.onlookupall [as oncomplete] (node:dns:122:26)
2026-07-17 23:06:25 [error]: Redis error: getaddrinfo ENOTFOUND redis-14611.c92.us-east-1-3.ec2.cloud.redislabs.com
Error: getaddrinfo ENOTFOUND redis-14611.c92.us-east-1-3.ec2.cloud.redislabs.com
    at GetAddrInfoReqWrap.onlookupall [as oncomplete] (node:dns:122:26)
2026-07-17 23:06:26 [error]: Redis error: getaddrinfo ENOTFOUND redis-14611.c92.us-east-1-3.ec2.cloud.redislabs.com
Error: getaddrinfo ENOTFOUND redis-14611.c92.us-east-1-3.ec2.cloud.redislabs.com
    at GetAddrInfoReqWrap.onlookupall [as oncomplete] (node:dns:122:26)
2026-07-17 23:06:28 [error]: Redis error: getaddrinfo ENOTFOUND redis-14611.c92.us-east-1-3.ec2.cloud.redislabs.com
Error: getaddrinfo ENOTFOUND redis-14611.c92.us-east-1-3.ec2.cloud.redislabs.com
    at GetAddrInfoReqWrap.onlookupall [as oncomplete] (node:dns:122:26)
2026-07-17 23:10:52 [error]: [POST] /api/user/forgot-password/verify-otp → Invalid OTP.
2026-07-17 23:11:24 [error]: Redis error: getaddrinfo ENOTFOUND redis-14611.c92.us-east-1-3.ec2.cloud.redislabs.com
Error: getaddrinfo ENOTFOUND redis-14611.c92.us-east-1-3.ec2.cloud.redislabs.com
    at GetAddrInfoReqWrap.onlookupall [as oncomplete] (node:dns:122:26)
2026-07-17 23:11:24 [error]: Redis error: getaddrinfo ENOTFOUND redis-14611.c92.us-east-1-3.ec2.cloud.redislabs.com
Error: getaddrinfo ENOTFOUND redis-14611.c92.us-east-1-3.ec2.cloud.redislabs.com
    at GetAddrInfoReqWrap.onlookupall [as oncomplete] (node:dns:122:26)
2026-07-17 23:11:25 [error]: Redis error: getaddrinfo ENOTFOUND redis-14611.c92.us-east-1-3.ec2.cloud.redislabs.com
Error: getaddrinfo ENOTFOUND redis-14611.c92.us-east-1-3.ec2.cloud.redislabs.com
    at GetAddrInfoReqWrap.onlookupall [as oncomplete] (node:dns:122:26)
2026-07-17 23:11:25 [error]: Redis error: getaddrinfo ENOTFOUND redis-14611.c92.us-east-1-3.ec2.cloud.redislabs.com
Error: getaddrinfo ENOTFOUND redis-14611.c92.us-east-1-3.ec2.cloud.redislabs.com
    at GetAddrInfoReqWrap.onlookupall [as oncomplete] (node:dns:122:26)
2026-07-17 23:11:25 [error]: Redis error: getaddrinfo ENOTFOUND redis-14611.c92.us-east-1-3.ec2.cloud.redislabs.com
Error: getaddrinfo ENOTFOUND redis-14611.c92.us-east-1-3.ec2.cloud.redislabs.com
    at GetAddrInfoReqWrap.onlookupall [as oncomplete] (node:dns:122:26)
2026-07-17 23:11:25 [error]: Redis error: getaddrinfo ENOTFOUND redis-14611.c92.us-east-1-3.ec2.cloud.redislabs.com
Error: getaddrinfo ENOTFOUND redis-14611.c92.us-east-1-3.ec2.cloud.redislabs.com
    at GetAddrInfoReqWrap.onlookupall [as oncomplete] (node:dns:122:26)
2026-07-17 23:11:25 [error]: Redis error: getaddrinfo ENOTFOUND redis-14611.c92.us-east-1-3.ec2.cloud.redislabs.com
Error: getaddrinfo ENOTFOUND redis-14611.c92.us-east-1-3.ec2.cloud.redislabs.com
    at GetAddrInfoReqWrap.onlookupall [as oncomplete] (node:dns:122:26)
2026-07-17 23:11:26 [error]: Redis error: getaddrinfo ENOTFOUND redis-14611.c92.us-east-1-3.ec2.cloud.redislabs.com
Error: getaddrinfo ENOTFOUND redis-14611.c92.us-east-1-3.ec2.cloud.redislabs.com
    at GetAddrInfoReqWrap.onlookupall [as oncomplete] (node:dns:122:26)
2026-07-17 23:11:26 [error]: Redis error: getaddrinfo ENOTFOUND redis-14611.c92.us-east-1-3.ec2.cloud.redislabs.com
Error: getaddrinfo ENOTFOUND redis-14611.c92.us-east-1-3.ec2.cloud.redislabs.com
    at GetAddrInfoReqWrap.onlookupall [as oncomplete] (node:dns:122:26)
2026-07-17 23:11:27 [error]: Redis error: getaddrinfo ENOTFOUND redis-14611.c92.us-east-1-3.ec2.cloud.redislabs.com
Error: getaddrinfo ENOTFOUND redis-14611.c92.us-east-1-3.ec2.cloud.redislabs.com
    at GetAddrInfoReqWrap.onlookupall [as oncomplete] (node:dns:122:26)
2026-07-17 23:11:27 [error]: Redis error: getaddrinfo ENOTFOUND redis-14611.c92.us-east-1-3.ec2.cloud.redislabs.com
Error: getaddrinfo ENOTFOUND redis-14611.c92.us-east-1-3.ec2.cloud.redislabs.com
    at GetAddrInfoReqWrap.onlookupall [as oncomplete] (node:dns:122:26)
2026-07-17 23:11:28 [error]: Redis error: getaddrinfo ENOTFOUND redis-14611.c92.us-east-1-3.ec2.cloud.redislabs.com
Error: getaddrinfo ENOTFOUND redis-14611.c92.us-east-1-3.ec2.cloud.redislabs.com
    at GetAddrInfoReqWrap.onlookupall [as oncomplete] (node:dns:122:26)
2026-07-17 23:11:28 [error]: Redis error: getaddrinfo ENOTFOUND redis-14611.c92.us-east-1-3.ec2.cloud.redislabs.com
Error: getaddrinfo ENOTFOUND redis-14611.c92.us-east-1-3.ec2.cloud.redislabs.com
    at GetAddrInfoReqWrap.onlookupall [as oncomplete] (node:dns:122:26)
2026-07-17 23:11:29 [error]: Redis error: getaddrinfo ENOTFOUND redis-14611.c92.us-east-1-3.ec2.cloud.redislabs.com
Error: getaddrinfo ENOTFOUND redis-14611.c92.us-east-1-3.ec2.cloud.redislabs.com
    at GetAddrInfoReqWrap.onlookupall [as oncomplete] (node:dns:122:26)
2026-07-17 23:11:30 [error]: Redis error: getaddrinfo ENOTFOUND redis-14611.c92.us-east-1-3.ec2.cloud.redislabs.com
Error: getaddrinfo ENOTFOUND redis-14611.c92.us-east-1-3.ec2.cloud.redislabs.com
    at GetAddrInfoReqWrap.onlookupall [as oncomplete] (node:dns:122:26)
2026-07-17 23:11:31 [error]: Redis error: getaddrinfo ENOTFOUND redis-14611.c92.us-east-1-3.ec2.cloud.redislabs.com
Error: getaddrinfo ENOTFOUND redis-14611.c92.us-east-1-3.ec2.cloud.redislabs.com
    at GetAddrInfoReqWrap.onlookupall [as oncomplete] (node:dns:122:26)
2026-07-17 23:11:31 [error]: Redis error: getaddrinfo ENOTFOUND redis-14611.c92.us-east-1-3.ec2.cloud.redislabs.com
Error: getaddrinfo ENOTFOUND redis-14611.c92.us-east-1-3.ec2.cloud.redislabs.com
    at GetAddrInfoReqWrap.onlookupall [as oncomplete] (node:dns:122:26)
2026-07-17 23:11:32 [error]: Redis error: getaddrinfo ENOTFOUND redis-14611.c92.us-east-1-3.ec2.cloud.redislabs.com
Error: getaddrinfo ENOTFOUND redis-14611.c92.us-east-1-3.ec2.cloud.redislabs.com
    at GetAddrInfoReqWrap.onlookupall [as oncomplete] (node:dns:122:26)
2026-07-17 23:11:33 [error]: Redis error: getaddrinfo ENOTFOUND redis-14611.c92.us-east-1-3.ec2.cloud.redislabs.com
Error: getaddrinfo ENOTFOUND redis-14611.c92.us-east-1-3.ec2.cloud.redislabs.com
    at GetAddrInfoReqWrap.onlookupall [as oncomplete] (node:dns:122:26)
2026-07-17 23:11:34 [error]: Redis error: getaddrinfo ENOTFOUND redis-14611.c92.us-east-1-3.ec2.cloud.redislabs.com
Error: getaddrinfo ENOTFOUND redis-14611.c92.us-east-1-3.ec2.cloud.redislabs.com
    at GetAddrInfoReqWrap.onlookupall [as oncomplete] (node:dns:122:26)
2026-07-17 23:11:35 [error]: Redis error: getaddrinfo ENOTFOUND redis-14611.c92.us-east-1-3.ec2.cloud.redislabs.com
Error: getaddrinfo ENOTFOUND redis-14611.c92.us-east-1-3.ec2.cloud.redislabs.com
    at GetAddrInfoReqWrap.onlookupall [as oncomplete] (node:dns:122:26)
2026-07-17 23:11:35 [error]: [POST] /api/user/forgot-password/verify-otp → Reached the max retries per request limit (which is 20). Refer to "maxRetriesPerRequest" option for details.
2026-07-17 23:11:36 [error]: Redis error: getaddrinfo ENOTFOUND redis-14611.c92.us-east-1-3.ec2.cloud.redislabs.com
Error: getaddrinfo ENOTFOUND redis-14611.c92.us-east-1-3.ec2.cloud.redislabs.com
    at GetAddrInfoReqWrap.onlookupall [as oncomplete] (node:dns:122:26)
2026-07-17 23:11:37 [error]: Redis error: getaddrinfo ENOTFOUND redis-14611.c92.us-east-1-3.ec2.cloud.redislabs.com
Error: getaddrinfo ENOTFOUND redis-14611.c92.us-east-1-3.ec2.cloud.redislabs.com
    at GetAddrInfoReqWrap.onlookupall [as oncomplete] (node:dns:122:26)
2026-07-17 23:11:38 [error]: Redis error: getaddrinfo ENOTFOUND redis-14611.c92.us-east-1-3.ec2.cloud.redislabs.com
Error: getaddrinfo ENOTFOUND redis-14611.c92.us-east-1-3.ec2.cloud.redislabs.com
    at GetAddrInfoReqWrap.onlookupall [as oncomplete] (node:dns:122:26)
2026-07-17 23:11:40 [error]: Redis error: getaddrinfo ENOTFOUND redis-14611.c92.us-east-1-3.ec2.cloud.redislabs.com
Error: getaddrinfo ENOTFOUND redis-14611.c92.us-east-1-3.ec2.cloud.redislabs.com
    at GetAddrInfoReqWrap.onlookupall [as oncomplete] (node:dns:122:26)
2026-07-17 23:11:41 [error]: Redis error: getaddrinfo ENOTFOUND redis-14611.c92.us-east-1-3.ec2.cloud.redislabs.com
Error: getaddrinfo ENOTFOUND redis-14611.c92.us-east-1-3.ec2.cloud.redislabs.com
    at GetAddrInfoReqWrap.onlookupall [as oncomplete] (node:dns:122:26)
2026-07-17 23:11:42 [error]: Redis error: getaddrinfo ENOTFOUND redis-14611.c92.us-east-1-3.ec2.cloud.redislabs.com
Error: getaddrinfo ENOTFOUND redis-14611.c92.us-east-1-3.ec2.cloud.redislabs.com
    at GetAddrInfoReqWrap.onlookupall [as oncomplete] (node:dns:122:26)
2026-07-17 23:11:44 [error]: Redis error: getaddrinfo ENOTFOUND redis-14611.c92.us-east-1-3.ec2.cloud.redislabs.com
Error: getaddrinfo ENOTFOUND redis-14611.c92.us-east-1-3.ec2.cloud.redislabs.com
    at GetAddrInfoReqWrap.onlookupall [as oncomplete] (node:dns:122:26)
2026-07-17 23:11:45 [error]: Redis error: getaddrinfo ENOTFOUND redis-14611.c92.us-east-1-3.ec2.cloud.redislabs.com
Error: getaddrinfo ENOTFOUND redis-14611.c92.us-east-1-3.ec2.cloud.redislabs.com
    at GetAddrInfoReqWrap.onlookupall [as oncomplete] (node:dns:122:26)
2026-07-17 23:11:47 [error]: Redis error: getaddrinfo ENOTFOUND redis-14611.c92.us-east-1-3.ec2.cloud.redislabs.com
Error: getaddrinfo ENOTFOUND redis-14611.c92.us-east-1-3.ec2.cloud.redislabs.com
    at GetAddrInfoReqWrap.onlookupall [as oncomplete] (node:dns:122:26)
2026-07-17 23:11:48 [error]: Redis error: getaddrinfo ENOTFOUND redis-14611.c92.us-east-1-3.ec2.cloud.redislabs.com
Error: getaddrinfo ENOTFOUND redis-14611.c92.us-east-1-3.ec2.cloud.redislabs.com
    at GetAddrInfoReqWrap.onlookupall [as oncomplete] (node:dns:122:26)
2026-07-17 23:11:50 [error]: Redis error: getaddrinfo ENOTFOUND redis-14611.c92.us-east-1-3.ec2.cloud.redislabs.com
Error: getaddrinfo ENOTFOUND redis-14611.c92.us-east-1-3.ec2.cloud.redislabs.com
    at GetAddrInfoReqWrap.onlookupall [as oncomplete] (node:dns:122:26)
2026-07-17 23:11:51 [error]: Redis error: getaddrinfo ENOTFOUND redis-14611.c92.us-east-1-3.ec2.cloud.redislabs.com
Error: getaddrinfo ENOTFOUND redis-14611.c92.us-east-1-3.ec2.cloud.redislabs.com
    at GetAddrInfoReqWrap.onlookupall [as oncomplete] (node:dns:122:26)
2026-07-17 23:11:53 [error]: Redis error: getaddrinfo ENOTFOUND redis-14611.c92.us-east-1-3.ec2.cloud.redislabs.com
Error: getaddrinfo ENOTFOUND redis-14611.c92.us-east-1-3.ec2.cloud.redislabs.com
    at GetAddrInfoReqWrap.onlookupall [as oncomplete] (node:dns:122:26)
2026-07-17 23:11:55 [error]: Redis error: getaddrinfo ENOTFOUND redis-14611.c92.us-east-1-3.ec2.cloud.redislabs.com
Error: getaddrinfo ENOTFOUND redis-14611.c92.us-east-1-3.ec2.cloud.redislabs.com
    at GetAddrInfoReqWrap.onlookupall [as oncomplete] (node:dns:122:26)
2026-07-17 23:11:56 [error]: Redis error: getaddrinfo ENOTFOUND redis-14611.c92.us-east-1-3.ec2.cloud.redislabs.com
Error: getaddrinfo ENOTFOUND redis-14611.c92.us-east-1-3.ec2.cloud.redislabs.com
    at GetAddrInfoReqWrap.onlookupall [as oncomplete] (node:dns:122:26)
2026-07-17 23:11:58 [error]: Redis error: getaddrinfo ENOTFOUND redis-14611.c92.us-east-1-3.ec2.cloud.redislabs.com
Error: getaddrinfo ENOTFOUND redis-14611.c92.us-east-1-3.ec2.cloud.redislabs.com
    at GetAddrInfoReqWrap.onlookupall [as oncomplete] (node:dns:122:26)
2026-07-17 23:12:00 [error]: Redis error: getaddrinfo ENOTFOUND redis-14611.c92.us-east-1-3.ec2.cloud.redislabs.com
Error: getaddrinfo ENOTFOUND redis-14611.c92.us-east-1-3.ec2.cloud.redislabs.com
    at GetAddrInfoReqWrap.onlookupall [as oncomplete] (node:dns:122:26)
2026-07-17 23:12:02 [error]: Redis error: getaddrinfo ENOTFOUND redis-14611.c92.us-east-1-3.ec2.cloud.redislabs.com
Error: getaddrinfo ENOTFOUND redis-14611.c92.us-east-1-3.ec2.cloud.redislabs.com
    at GetAddrInfoReqWrap.onlookupall [as oncomplete] (node:dns:122:26)
2026-07-17 23:12:04 [error]: Redis error: getaddrinfo ENOTFOUND redis-14611.c92.us-east-1-3.ec2.cloud.redislabs.com
Error: getaddrinfo ENOTFOUND redis-14611.c92.us-east-1-3.ec2.cloud.redislabs.com
    at GetAddrInfoReqWrap.onlookupall [as oncomplete] (node:dns:122:26)
2026-07-17 23:12:06 [error]: Redis error: getaddrinfo ENOTFOUND redis-14611.c92.us-east-1-3.ec2.cloud.redislabs.com
Error: getaddrinfo ENOTFOUND redis-14611.c92.us-east-1-3.ec2.cloud.redislabs.com
    at GetAddrInfoReqWrap.onlookupall [as oncomplete] (node:dns:122:26)
2026-07-17 23:12:08 [error]: Redis error: getaddrinfo ENOTFOUND redis-14611.c92.us-east-1-3.ec2.cloud.redislabs.com
Error: getaddrinfo ENOTFOUND redis-14611.c92.us-east-1-3.ec2.cloud.redislabs.com
    at GetAddrInfoReqWrap.onlookupall [as oncomplete] (node:dns:122:26)
2026-07-17 23:12:10 [error]: Redis error: getaddrinfo ENOTFOUND redis-14611.c92.us-east-1-3.ec2.cloud.redislabs.com
Error: getaddrinfo ENOTFOUND redis-14611.c92.us-east-1-3.ec2.cloud.redislabs.com
    at GetAddrInfoReqWrap.onlookupall [as oncomplete] (node:dns:122:26)
2026-07-17 23:12:12 [error]: Redis error: getaddrinfo ENOTFOUND redis-14611.c92.us-east-1-3.ec2.cloud.redislabs.com
Error: getaddrinfo ENOTFOUND redis-14611.c92.us-east-1-3.ec2.cloud.redislabs.com
    at GetAddrInfoReqWrap.onlookupall [as oncomplete] (node:dns:122:26)
2026-07-17 23:12:14 [error]: Redis error: getaddrinfo ENOTFOUND redis-14611.c92.us-east-1-3.ec2.cloud.redislabs.com
Error: getaddrinfo ENOTFOUND redis-14611.c92.us-east-1-3.ec2.cloud.redislabs.com
    at GetAddrInfoReqWrap.onlookupall [as oncomplete] (node:dns:122:26)
2026-07-17 23:12:16 [error]: Redis error: getaddrinfo ENOTFOUND redis-14611.c92.us-east-1-3.ec2.cloud.redislabs.com
Error: getaddrinfo ENOTFOUND redis-14611.c92.us-east-1-3.ec2.cloud.redislabs.com
    at GetAddrInfoReqWrap.onlookupall [as oncomplete] (node:dns:122:26)
2026-07-17 23:12:18 [error]: Redis error: getaddrinfo ENOTFOUND redis-14611.c92.us-east-1-3.ec2.cloud.redislabs.com
Error: getaddrinfo ENOTFOUND redis-14611.c92.us-east-1-3.ec2.cloud.redislabs.com
    at GetAddrInfoReqWrap.onlookupall [as oncomplete] (node:dns:122:26)
2026-07-17 23:12:20 [error]: Redis error: getaddrinfo ENOTFOUND redis-14611.c92.us-east-1-3.ec2.cloud.redislabs.com
Error: getaddrinfo ENOTFOUND redis-14611.c92.us-east-1-3.ec2.cloud.redislabs.com
    at GetAddrInfoReqWrap.onlookupall [as oncomplete] (node:dns:122:26)
2026-07-17 23:12:22 [error]: Redis error: getaddrinfo ENOTFOUND redis-14611.c92.us-east-1-3.ec2.cloud.redislabs.com
Error: getaddrinfo ENOTFOUND redis-14611.c92.us-east-1-3.ec2.cloud.redislabs.com
    at GetAddrInfoReqWrap.onlookupall [as oncomplete] (node:dns:122:26)
2026-07-17 23:12:24 [error]: Redis error: getaddrinfo ENOTFOUND redis-14611.c92.us-east-1-3.ec2.cloud.redislabs.com
Error: getaddrinfo ENOTFOUND redis-14611.c92.us-east-1-3.ec2.cloud.redislabs.com
    at GetAddrInfoReqWrap.onlookupall [as oncomplete] (node:dns:122:26)
2026-07-17 23:12:26 [error]: Redis error: getaddrinfo ENOTFOUND redis-14611.c92.us-east-1-3.ec2.cloud.redislabs.com
Error: getaddrinfo ENOTFOUND redis-14611.c92.us-east-1-3.ec2.cloud.redislabs.com
    at GetAddrInfoReqWrap.onlookupall [as oncomplete] (node:dns:122:26)
2026-07-17 23:12:28 [error]: Redis error: getaddrinfo ENOTFOUND redis-14611.c92.us-east-1-3.ec2.cloud.redislabs.com
Error: getaddrinfo ENOTFOUND redis-14611.c92.us-east-1-3.ec2.cloud.redislabs.com
    at GetAddrInfoReqWrap.onlookupall [as oncomplete] (node:dns:122:26)
2026-07-17 23:12:30 [error]: Redis error: getaddrinfo ENOTFOUND redis-14611.c92.us-east-1-3.ec2.cloud.redislabs.com
Error: getaddrinfo ENOTFOUND redis-14611.c92.us-east-1-3.ec2.cloud.redislabs.com
    at GetAddrInfoReqWrap.onlookupall [as oncomplete] (node:dns:122:26)
2026-07-17 23:12:32 [error]: Redis error: getaddrinfo ENOTFOUND redis-14611.c92.us-east-1-3.ec2.cloud.redislabs.com
Error: getaddrinfo ENOTFOUND redis-14611.c92.us-east-1-3.ec2.cloud.redislabs.com
    at GetAddrInfoReqWrap.onlookupall [as oncomplete] (node:dns:122:26)
2026-07-17 23:12:34 [error]: Redis error: getaddrinfo ENOTFOUND redis-14611.c92.us-east-1-3.ec2.cloud.redislabs.com
Error: getaddrinfo ENOTFOUND redis-14611.c92.us-east-1-3.ec2.cloud.redislabs.com
    at GetAddrInfoReqWrap.onlookupall [as oncomplete] (node:dns:122:26)
2026-07-17 23:12:36 [error]: Redis error: getaddrinfo ENOTFOUND redis-14611.c92.us-east-1-3.ec2.cloud.redislabs.com
Error: getaddrinfo ENOTFOUND redis-14611.c92.us-east-1-3.ec2.cloud.redislabs.com
    at GetAddrInfoReqWrap.onlookupall [as oncomplete] (node:dns:122:26)
2026-07-17 23:12:38 [error]: Redis error: getaddrinfo ENOTFOUND redis-14611.c92.us-east-1-3.ec2.cloud.redislabs.com
Error: getaddrinfo ENOTFOUND redis-14611.c92.us-east-1-3.ec2.cloud.redislabs.com
    at GetAddrInfoReqWrap.onlookupall [as oncomplete] (node:dns:122:26)
2026-07-17 23:12:40 [error]: Redis error: getaddrinfo ENOTFOUND redis-14611.c92.us-east-1-3.ec2.cloud.redislabs.com
Error: getaddrinfo ENOTFOUND redis-14611.c92.us-east-1-3.ec2.cloud.redislabs.com
    at GetAddrInfoReqWrap.onlookupall [as oncomplete] (node:dns:122:26)
2026-07-17 23:12:42 [error]: Redis error: getaddrinfo ENOTFOUND redis-14611.c92.us-east-1-3.ec2.cloud.redislabs.com
Error: getaddrinfo ENOTFOUND redis-14611.c92.us-east-1-3.ec2.cloud.redislabs.com
    at GetAddrInfoReqWrap.onlookupall [as oncomplete] (node:dns:122:26)
2026-07-17 23:12:44 [error]: Redis error: getaddrinfo ENOTFOUND redis-14611.c92.us-east-1-3.ec2.cloud.redislabs.com
Error: getaddrinfo ENOTFOUND redis-14611.c92.us-east-1-3.ec2.cloud.redislabs.com
    at GetAddrInfoReqWrap.onlookupall [as oncomplete] (node:dns:122:26)
2026-07-17 23:12:46 [error]: Redis error: getaddrinfo ENOTFOUND redis-14611.c92.us-east-1-3.ec2.cloud.redislabs.com
Error: getaddrinfo ENOTFOUND redis-14611.c92.us-east-1-3.ec2.cloud.redislabs.com
    at GetAddrInfoReqWrap.onlookupall [as oncomplete] (node:dns:122:26)
2026-07-17 23:12:48 [error]: Redis error: getaddrinfo ENOTFOUND redis-14611.c92.us-east-1-3.ec2.cloud.redislabs.com
Error: getaddrinfo ENOTFOUND redis-14611.c92.us-east-1-3.ec2.cloud.redislabs.com
    at GetAddrInfoReqWrap.onlookupall [as oncomplete] (node:dns:122:26)
2026-07-17 23:12:50 [error]: Redis error: getaddrinfo ENOTFOUND redis-14611.c92.us-east-1-3.ec2.cloud.redislabs.com
Error: getaddrinfo ENOTFOUND redis-14611.c92.us-east-1-3.ec2.cloud.redislabs.com
    at GetAddrInfoReqWrap.onlookupall [as oncomplete] (node:dns:122:26)
2026-07-17 23:12:52 [error]: Redis error: getaddrinfo ENOTFOUND redis-14611.c92.us-east-1-3.ec2.cloud.redislabs.com
Error: getaddrinfo ENOTFOUND redis-14611.c92.us-east-1-3.ec2.cloud.redislabs.com
    at GetAddrInfoReqWrap.onlookupall [as oncomplete] (node:dns:122:26)
2026-07-17 23:12:54 [error]: Redis error: getaddrinfo ENOTFOUND redis-14611.c92.us-east-1-3.ec2.cloud.redislabs.com
Error: getaddrinfo ENOTFOUND redis-14611.c92.us-east-1-3.ec2.cloud.redislabs.com
    at GetAddrInfoReqWrap.onlookupall [as oncomplete] (node:dns:122:26)
2026-07-17 23:12:56 [error]: Redis error: getaddrinfo ENOTFOUND redis-14611.c92.us-east-1-3.ec2.cloud.redislabs.com
Error: getaddrinfo ENOTFOUND redis-14611.c92.us-east-1-3.ec2.cloud.redislabs.com
    at GetAddrInfoReqWrap.onlookupall [as oncomplete] (node:dns:122:26)
2026-07-17 23:12:58 [error]: Redis error: getaddrinfo ENOTFOUND redis-14611.c92.us-east-1-3.ec2.cloud.redislabs.com
Error: getaddrinfo ENOTFOUND redis-14611.c92.us-east-1-3.ec2.cloud.redislabs.com
    at GetAddrInfoReqWrap.onlookupall [as oncomplete] (node:dns:122:26)
2026-07-17 23:13:00 [error]: Redis error: getaddrinfo ENOTFOUND redis-14611.c92.us-east-1-3.ec2.cloud.redislabs.com
Error: getaddrinfo ENOTFOUND redis-14611.c92.us-east-1-3.ec2.cloud.redislabs.com
    at GetAddrInfoReqWrap.onlookupall [as oncomplete] (node:dns:122:26)
2026-07-17 23:13:02 [error]: Redis error: getaddrinfo ENOTFOUND redis-14611.c92.us-east-1-3.ec2.cloud.redislabs.com
Error: getaddrinfo ENOTFOUND redis-14611.c92.us-east-1-3.ec2.cloud.redislabs.com
    at GetAddrInfoReqWrap.onlookupall [as oncomplete] (node:dns:122:26)
2026-07-17 23:13:04 [error]: Redis error: getaddrinfo ENOTFOUND redis-14611.c92.us-east-1-3.ec2.cloud.redislabs.com
Error: getaddrinfo ENOTFOUND redis-14611.c92.us-east-1-3.ec2.cloud.redislabs.com
    at GetAddrInfoReqWrap.onlookupall [as oncomplete] (node:dns:122:26)
2026-07-17 23:13:06 [error]: Redis error: getaddrinfo ENOTFOUND redis-14611.c92.us-east-1-3.ec2.cloud.redislabs.com
Error: getaddrinfo ENOTFOUND redis-14611.c92.us-east-1-3.ec2.cloud.redislabs.com
    at GetAddrInfoReqWrap.onlookupall [as oncomplete] (node:dns:122:26)
2026-07-17 23:13:08 [error]: Redis error: getaddrinfo ENOTFOUND redis-14611.c92.us-east-1-3.ec2.cloud.redislabs.com
Error: getaddrinfo ENOTFOUND redis-14611.c92.us-east-1-3.ec2.cloud.redislabs.com
    at GetAddrInfoReqWrap.onlookupall [as oncomplete] (node:dns:122:26)
2026-07-17 23:13:10 [error]: Redis error: getaddrinfo ENOTFOUND redis-14611.c92.us-east-1-3.ec2.cloud.redislabs.com
Error: getaddrinfo ENOTFOUND redis-14611.c92.us-east-1-3.ec2.cloud.redislabs.com
    at GetAddrInfoReqWrap.onlookupall [as oncomplete] (node:dns:122:26)
2026-07-17 23:13:12 [error]: Redis error: getaddrinfo ENOTFOUND redis-14611.c92.us-east-1-3.ec2.cloud.redislabs.com
Error: getaddrinfo ENOTFOUND redis-14611.c92.us-east-1-3.ec2.cloud.redislabs.com
    at GetAddrInfoReqWrap.onlookupall [as oncomplete] (node:dns:122:26)
2026-07-17 23:13:14 [error]: Redis error: getaddrinfo ENOTFOUND redis-14611.c92.us-east-1-3.ec2.cloud.redislabs.com
Error: getaddrinfo ENOTFOUND redis-14611.c92.us-east-1-3.ec2.cloud.redislabs.com
    at GetAddrInfoReqWrap.onlookupall [as oncomplete] (node:dns:122:26)
2026-07-17 23:13:16 [error]: Redis error: getaddrinfo ENOTFOUND redis-14611.c92.us-east-1-3.ec2.cloud.redislabs.com
Error: getaddrinfo ENOTFOUND redis-14611.c92.us-east-1-3.ec2.cloud.redislabs.com
    at GetAddrInfoReqWrap.onlookupall [as oncomplete] (node:dns:122:26)
2026-07-17 23:13:18 [error]: Redis error: getaddrinfo ENOTFOUND redis-14611.c92.us-east-1-3.ec2.cloud.redislabs.com
Error: getaddrinfo ENOTFOUND redis-14611.c92.us-east-1-3.ec2.cloud.redislabs.com
    at GetAddrInfoReqWrap.onlookupall [as oncomplete] (node:dns:122:26)
2026-07-17 23:13:20 [error]: Redis error: getaddrinfo ENOTFOUND redis-14611.c92.us-east-1-3.ec2.cloud.redislabs.com
Error: getaddrinfo ENOTFOUND redis-14611.c92.us-east-1-3.ec2.cloud.redislabs.com
    at GetAddrInfoReqWrap.onlookupall [as oncomplete] (node:dns:122:26)
2026-07-17 23:13:22 [error]: Redis error: getaddrinfo ENOTFOUND redis-14611.c92.us-east-1-3.ec2.cloud.redislabs.com
Error: getaddrinfo ENOTFOUND redis-14611.c92.us-east-1-3.ec2.cloud.redislabs.com
    at GetAddrInfoReqWrap.onlookupall [as oncomplete] (node:dns:122:26)
2026-07-17 23:13:24 [error]: Redis error: getaddrinfo ENOTFOUND redis-14611.c92.us-east-1-3.ec2.cloud.redislabs.com
Error: getaddrinfo ENOTFOUND redis-14611.c92.us-east-1-3.ec2.cloud.redislabs.com
    at GetAddrInfoReqWrap.onlookupall [as oncomplete] (node:dns:122:26)
2026-07-17 23:13:26 [error]: Redis error: getaddrinfo ENOTFOUND redis-14611.c92.us-east-1-3.ec2.cloud.redislabs.com
Error: getaddrinfo ENOTFOUND redis-14611.c92.us-east-1-3.ec2.cloud.redislabs.com
    at GetAddrInfoReqWrap.onlookupall [as oncomplete] (node:dns:122:26)
2026-07-17 23:13:28 [error]: Redis error: getaddrinfo ENOTFOUND redis-14611.c92.us-east-1-3.ec2.cloud.redislabs.com
Error: getaddrinfo ENOTFOUND redis-14611.c92.us-east-1-3.ec2.cloud.redislabs.com
    at GetAddrInfoReqWrap.onlookupall [as oncomplete] (node:dns:122:26)
2026-07-17 23:13:30 [error]: Redis error: getaddrinfo ENOTFOUND redis-14611.c92.us-east-1-3.ec2.cloud.redislabs.com
Error: getaddrinfo ENOTFOUND redis-14611.c92.us-east-1-3.ec2.cloud.redislabs.com
    at GetAddrInfoReqWrap.onlookupall [as oncomplete] (node:dns:122:26)
2026-07-17 23:13:32 [error]: Redis error: getaddrinfo ENOTFOUND redis-14611.c92.us-east-1-3.ec2.cloud.redislabs.com
Error: getaddrinfo ENOTFOUND redis-14611.c92.us-east-1-3.ec2.cloud.redislabs.com
    at GetAddrInfoReqWrap.onlookupall [as oncomplete] (node:dns:122:26)
2026-07-17 23:13:34 [error]: Redis error: getaddrinfo ENOTFOUND redis-14611.c92.us-east-1-3.ec2.cloud.redislabs.com
Error: getaddrinfo ENOTFOUND redis-14611.c92.us-east-1-3.ec2.cloud.redislabs.com
    at GetAddrInfoReqWrap.onlookupall [as oncomplete] (node:dns:122:26)
2026-07-17 23:13:37 [error]: Redis error: getaddrinfo ENOTFOUND redis-14611.c92.us-east-1-3.ec2.cloud.redislabs.com
Error: getaddrinfo ENOTFOUND redis-14611.c92.us-east-1-3.ec2.cloud.redislabs.com
    at GetAddrInfoReqWrap.onlookupall [as oncomplete] (node:dns:122:26)
2026-07-17 23:13:39 [error]: Redis error: getaddrinfo ENOTFOUND redis-14611.c92.us-east-1-3.ec2.cloud.redislabs.com
Error: getaddrinfo ENOTFOUND redis-14611.c92.us-east-1-3.ec2.cloud.redislabs.com
    at GetAddrInfoReqWrap.onlookupall [as oncomplete] (node:dns:122:26)
2026-07-17 23:13:41 [error]: Redis error: getaddrinfo ENOTFOUND redis-14611.c92.us-east-1-3.ec2.cloud.redislabs.com
Error: getaddrinfo ENOTFOUND redis-14611.c92.us-east-1-3.ec2.cloud.redislabs.com
    at GetAddrInfoReqWrap.onlookupall [as oncomplete] (node:dns:122:26)
2026-07-17 23:13:43 [error]: Redis error: getaddrinfo ENOTFOUND redis-14611.c92.us-east-1-3.ec2.cloud.redislabs.com
Error: getaddrinfo ENOTFOUND redis-14611.c92.us-east-1-3.ec2.cloud.redislabs.com
    at GetAddrInfoReqWrap.onlookupall [as oncomplete] (node:dns:122:26)
2026-07-17 23:13:45 [error]: Redis error: getaddrinfo ENOTFOUND redis-14611.c92.us-east-1-3.ec2.cloud.redislabs.com
Error: getaddrinfo ENOTFOUND redis-14611.c92.us-east-1-3.ec2.cloud.redislabs.com
    at GetAddrInfoReqWrap.onlookupall [as oncomplete] (node:dns:122:26)
2026-07-17 23:13:47 [error]: Redis error: getaddrinfo ENOTFOUND redis-14611.c92.us-east-1-3.ec2.cloud.redislabs.com
Error: getaddrinfo ENOTFOUND redis-14611.c92.us-east-1-3.ec2.cloud.redislabs.com
    at GetAddrInfoReqWrap.onlookupall [as oncomplete] (node:dns:122:26)
2026-07-17 23:13:49 [error]: Redis error: getaddrinfo ENOTFOUND redis-14611.c92.us-east-1-3.ec2.cloud.redislabs.com
Error: getaddrinfo ENOTFOUND redis-14611.c92.us-east-1-3.ec2.cloud.redislabs.com
    at GetAddrInfoReqWrap.onlookupall [as oncomplete] (node:dns:122:26)
2026-07-17 23:13:51 [error]: Redis error: getaddrinfo ENOTFOUND redis-14611.c92.us-east-1-3.ec2.cloud.redislabs.com
Error: getaddrinfo ENOTFOUND redis-14611.c92.us-east-1-3.ec2.cloud.redislabs.com
    at GetAddrInfoReqWrap.onlookupall [as oncomplete] (node:dns:122:26)
2026-07-17 23:13:53 [error]: Redis error: getaddrinfo ENOTFOUND redis-14611.c92.us-east-1-3.ec2.cloud.redislabs.com
Error: getaddrinfo ENOTFOUND redis-14611.c92.us-east-1-3.ec2.cloud.redislabs.com
    at GetAddrInfoReqWrap.onlookupall [as oncomplete] (node:dns:122:26)
2026-07-17 23:13:55 [error]: Redis error: getaddrinfo ENOTFOUND redis-14611.c92.us-east-1-3.ec2.cloud.redislabs.com
Error: getaddrinfo ENOTFOUND redis-14611.c92.us-east-1-3.ec2.cloud.redislabs.com
    at GetAddrInfoReqWrap.onlookupall [as oncomplete] (node:dns:122:26)
2026-07-17 23:13:57 [error]: Redis error: getaddrinfo ENOTFOUND redis-14611.c92.us-east-1-3.ec2.cloud.redislabs.com
Error: getaddrinfo ENOTFOUND redis-14611.c92.us-east-1-3.ec2.cloud.redislabs.com
    at GetAddrInfoReqWrap.onlookupall [as oncomplete] (node:dns:122:26)
2026-07-17 23:13:59 [error]: Redis error: getaddrinfo ENOTFOUND redis-14611.c92.us-east-1-3.ec2.cloud.redislabs.com
Error: getaddrinfo ENOTFOUND redis-14611.c92.us-east-1-3.ec2.cloud.redislabs.com
    at GetAddrInfoReqWrap.onlookupall [as oncomplete] (node:dns:122:26)
2026-07-17 23:14:01 [error]: Redis error: getaddrinfo ENOTFOUND redis-14611.c92.us-east-1-3.ec2.cloud.redislabs.com
Error: getaddrinfo ENOTFOUND redis-14611.c92.us-east-1-3.ec2.cloud.redislabs.com
    at GetAddrInfoReqWrap.onlookupall [as oncomplete] (node:dns:122:26)
2026-07-17 23:14:03 [error]: Redis error: getaddrinfo ENOTFOUND redis-14611.c92.us-east-1-3.ec2.cloud.redislabs.com
Error: getaddrinfo ENOTFOUND redis-14611.c92.us-east-1-3.ec2.cloud.redislabs.com
    at GetAddrInfoReqWrap.onlookupall [as oncomplete] (node:dns:122:26)
2026-07-17 23:14:05 [error]: Redis error: getaddrinfo ENOTFOUND redis-14611.c92.us-east-1-3.ec2.cloud.redislabs.com
Error: getaddrinfo ENOTFOUND redis-14611.c92.us-east-1-3.ec2.cloud.redislabs.com
    at GetAddrInfoReqWrap.onlookupall [as oncomplete] (node:dns:122:26)
2026-07-17 23:14:07 [error]: Redis error: getaddrinfo ENOTFOUND redis-14611.c92.us-east-1-3.ec2.cloud.redislabs.com
Error: getaddrinfo ENOTFOUND redis-14611.c92.us-east-1-3.ec2.cloud.redislabs.com
    at GetAddrInfoReqWrap.onlookupall [as oncomplete] (node:dns:122:26)
2026-07-17 23:14:09 [error]: Redis error: getaddrinfo ENOTFOUND redis-14611.c92.us-east-1-3.ec2.cloud.redislabs.com
Error: getaddrinfo ENOTFOUND redis-14611.c92.us-east-1-3.ec2.cloud.redislabs.com
    at GetAddrInfoReqWrap.onlookupall [as oncomplete] (node:dns:122:26)
2026-07-17 23:14:11 [error]: Redis error: getaddrinfo ENOTFOUND redis-14611.c92.us-east-1-3.ec2.cloud.redislabs.com
Error: getaddrinfo ENOTFOUND redis-14611.c92.us-east-1-3.ec2.cloud.redislabs.com
    at GetAddrInfoReqWrap.onlookupall [as oncomplete] (node:dns:122:26)
2026-07-17 23:14:13 [error]: Redis error: getaddrinfo ENOTFOUND redis-14611.c92.us-east-1-3.ec2.cloud.redislabs.com
Error: getaddrinfo ENOTFOUND redis-14611.c92.us-east-1-3.ec2.cloud.redislabs.com
    at GetAddrInfoReqWrap.onlookupall [as oncomplete] (node:dns:122:26)
2026-07-17 23:14:15 [error]: Redis error: getaddrinfo ENOTFOUND redis-14611.c92.us-east-1-3.ec2.cloud.redislabs.com
Error: getaddrinfo ENOTFOUND redis-14611.c92.us-east-1-3.ec2.cloud.redislabs.com
    at GetAddrInfoReqWrap.onlookupall [as oncomplete] (node:dns:122:26)
2026-07-17 23:14:17 [error]: Redis error: getaddrinfo ENOTFOUND redis-14611.c92.us-east-1-3.ec2.cloud.redislabs.com
Error: getaddrinfo ENOTFOUND redis-14611.c92.us-east-1-3.ec2.cloud.redislabs.com
    at GetAddrInfoReqWrap.onlookupall [as oncomplete] (node:dns:122:26)
2026-07-17 23:14:19 [error]: Redis error: getaddrinfo ENOTFOUND redis-14611.c92.us-east-1-3.ec2.cloud.redislabs.com
Error: getaddrinfo ENOTFOUND redis-14611.c92.us-east-1-3.ec2.cloud.redislabs.com
    at GetAddrInfoReqWrap.onlookupall [as oncomplete] (node:dns:122:26)
2026-07-17 23:14:21 [error]: Redis error: getaddrinfo ENOTFOUND redis-14611.c92.us-east-1-3.ec2.cloud.redislabs.com
Error: getaddrinfo ENOTFOUND redis-14611.c92.us-east-1-3.ec2.cloud.redislabs.com
    at GetAddrInfoReqWrap.onlookupall [as oncomplete] (node:dns:122:26)
2026-07-17 23:14:23 [error]: Redis error: getaddrinfo ENOTFOUND redis-14611.c92.us-east-1-3.ec2.cloud.redislabs.com
Error: getaddrinfo ENOTFOUND redis-14611.c92.us-east-1-3.ec2.cloud.redislabs.com
    at GetAddrInfoReqWrap.onlookupall [as oncomplete] (node:dns:122:26)
2026-07-17 23:14:25 [error]: Redis error: getaddrinfo ENOTFOUND redis-14611.c92.us-east-1-3.ec2.cloud.redislabs.com
Error: getaddrinfo ENOTFOUND redis-14611.c92.us-east-1-3.ec2.cloud.redislabs.com
    at GetAddrInfoReqWrap.onlookupall [as oncomplete] (node:dns:122:26)
2026-07-17 23:14:27 [error]: Redis error: getaddrinfo ENOTFOUND redis-14611.c92.us-east-1-3.ec2.cloud.redislabs.com
Error: getaddrinfo ENOTFOUND redis-14611.c92.us-east-1-3.ec2.cloud.redislabs.com
    at GetAddrInfoReqWrap.onlookupall [as oncomplete] (node:dns:122:26)
2026-07-17 23:14:29 [error]: Redis error: getaddrinfo ENOTFOUND redis-14611.c92.us-east-1-3.ec2.cloud.redislabs.com
Error: getaddrinfo ENOTFOUND redis-14611.c92.us-east-1-3.ec2.cloud.redislabs.com
    at GetAddrInfoReqWrap.onlookupall [as oncomplete] (node:dns:122:26)
2026-07-17 23:14:31 [error]: Redis error: getaddrinfo ENOTFOUND redis-14611.c92.us-east-1-3.ec2.cloud.redislabs.com
Error: getaddrinfo ENOTFOUND redis-14611.c92.us-east-1-3.ec2.cloud.redislabs.com
    at GetAddrInfoReqWrap.onlookupall [as oncomplete] (node:dns:122:26)
2026-07-17 23:14:33 [error]: Redis error: getaddrinfo ENOTFOUND redis-14611.c92.us-east-1-3.ec2.cloud.redislabs.com
Error: getaddrinfo ENOTFOUND redis-14611.c92.us-east-1-3.ec2.cloud.redislabs.com
    at GetAddrInfoReqWrap.onlookupall [as oncomplete] (node:dns:122:26)
2026-07-17 23:14:35 [error]: Redis error: getaddrinfo ENOTFOUND redis-14611.c92.us-east-1-3.ec2.cloud.redislabs.com
Error: getaddrinfo ENOTFOUND redis-14611.c92.us-east-1-3.ec2.cloud.redislabs.com
    at GetAddrInfoReqWrap.onlookupall [as oncomplete] (node:dns:122:26)
2026-07-17 23:14:37 [error]: Redis error: getaddrinfo ENOTFOUND redis-14611.c92.us-east-1-3.ec2.cloud.redislabs.com
Error: getaddrinfo ENOTFOUND redis-14611.c92.us-east-1-3.ec2.cloud.redislabs.com
    at GetAddrInfoReqWrap.onlookupall [as oncomplete] (node:dns:122:26)
2026-07-17 23:14:39 [error]: Redis error: getaddrinfo ENOTFOUND redis-14611.c92.us-east-1-3.ec2.cloud.redislabs.com
Error: getaddrinfo ENOTFOUND redis-14611.c92.us-east-1-3.ec2.cloud.redislabs.com
    at GetAddrInfoReqWrap.onlookupall [as oncomplete] (node:dns:122:26)
2026-07-17 23:14:41 [error]: Redis error: getaddrinfo ENOTFOUND redis-14611.c92.us-east-1-3.ec2.cloud.redislabs.com
Error: getaddrinfo ENOTFOUND redis-14611.c92.us-east-1-3.ec2.cloud.redislabs.com
    at GetAddrInfoReqWrap.onlookupall [as oncomplete] (node:dns:122:26)
2026-07-17 23:14:43 [error]: Redis error: getaddrinfo ENOTFOUND redis-14611.c92.us-east-1-3.ec2.cloud.redislabs.com
Error: getaddrinfo ENOTFOUND redis-14611.c92.us-east-1-3.ec2.cloud.redislabs.com
    at GetAddrInfoReqWrap.onlookupall [as oncomplete] (node:dns:122:26)
2026-07-17 23:14:45 [error]: Redis error: getaddrinfo ENOTFOUND redis-14611.c92.us-east-1-3.ec2.cloud.redislabs.com
Error: getaddrinfo ENOTFOUND redis-14611.c92.us-east-1-3.ec2.cloud.redislabs.com
    at GetAddrInfoReqWrap.onlookupall [as oncomplete] (node:dns:122:26)
2026-07-17 23:14:47 [error]: Redis error: getaddrinfo ENOTFOUND redis-14611.c92.us-east-1-3.ec2.cloud.redislabs.com
Error: getaddrinfo ENOTFOUND redis-14611.c92.us-east-1-3.ec2.cloud.redislabs.com
    at GetAddrInfoReqWrap.onlookupall [as oncomplete] (node:dns:122:26)
2026-07-17 23:14:49 [error]: Redis error: getaddrinfo ENOTFOUND redis-14611.c92.us-east-1-3.ec2.cloud.redislabs.com
Error: getaddrinfo ENOTFOUND redis-14611.c92.us-east-1-3.ec2.cloud.redislabs.com
    at GetAddrInfoReqWrap.onlookupall [as oncomplete] (node:dns:122:26)
2026-07-17 23:14:51 [error]: Redis error: getaddrinfo ENOTFOUND redis-14611.c92.us-east-1-3.ec2.cloud.redislabs.com
Error: getaddrinfo ENOTFOUND redis-14611.c92.us-east-1-3.ec2.cloud.redislabs.com
    at GetAddrInfoReqWrap.onlookupall [as oncomplete] (node:dns:122:26)
2026-07-17 23:14:53 [error]: Redis error: getaddrinfo ENOTFOUND redis-14611.c92.us-east-1-3.ec2.cloud.redislabs.com
Error: getaddrinfo ENOTFOUND redis-14611.c92.us-east-1-3.ec2.cloud.redislabs.com
    at GetAddrInfoReqWrap.onlookupall [as oncomplete] (node:dns:122:26)
2026-07-17 23:14:55 [error]: Redis error: getaddrinfo ENOTFOUND redis-14611.c92.us-east-1-3.ec2.cloud.redislabs.com
Error: getaddrinfo ENOTFOUND redis-14611.c92.us-east-1-3.ec2.cloud.redislabs.com
    at GetAddrInfoReqWrap.onlookupall [as oncomplete] (node:dns:122:26)
2026-07-17 23:14:57 [error]: Redis error: getaddrinfo ENOTFOUND redis-14611.c92.us-east-1-3.ec2.cloud.redislabs.com
Error: getaddrinfo ENOTFOUND redis-14611.c92.us-east-1-3.ec2.cloud.redislabs.com
    at GetAddrInfoReqWrap.onlookupall [as oncomplete] (node:dns:122:26)
2026-07-17 23:14:59 [error]: Redis error: getaddrinfo ENOTFOUND redis-14611.c92.us-east-1-3.ec2.cloud.redislabs.com
Error: getaddrinfo ENOTFOUND redis-14611.c92.us-east-1-3.ec2.cloud.redislabs.com
    at GetAddrInfoReqWrap.onlookupall [as oncomplete] (node:dns:122:26)
2026-07-17 23:15:01 [error]: Redis error: getaddrinfo ENOTFOUND redis-14611.c92.us-east-1-3.ec2.cloud.redislabs.com
Error: getaddrinfo ENOTFOUND redis-14611.c92.us-east-1-3.ec2.cloud.redislabs.com
    at GetAddrInfoReqWrap.onlookupall [as oncomplete] (node:dns:122:26)
2026-07-17 23:15:03 [error]: Redis error: getaddrinfo ENOTFOUND redis-14611.c92.us-east-1-3.ec2.cloud.redislabs.com
Error: getaddrinfo ENOTFOUND redis-14611.c92.us-east-1-3.ec2.cloud.redislabs.com
    at GetAddrInfoReqWrap.onlookupall [as oncomplete] (node:dns:122:26)
2026-07-17 23:15:05 [error]: Redis error: getaddrinfo ENOTFOUND redis-14611.c92.us-east-1-3.ec2.cloud.redislabs.com
Error: getaddrinfo ENOTFOUND redis-14611.c92.us-east-1-3.ec2.cloud.redislabs.com
    at GetAddrInfoReqWrap.onlookupall [as oncomplete] (node:dns:122:26)
2026-07-17 23:15:07 [error]: Redis error: getaddrinfo ENOTFOUND redis-14611.c92.us-east-1-3.ec2.cloud.redislabs.com
Error: getaddrinfo ENOTFOUND redis-14611.c92.us-east-1-3.ec2.cloud.redislabs.com
    at GetAddrInfoReqWrap.onlookupall [as oncomplete] (node:dns:122:26)
2026-07-17 23:15:09 [error]: Redis error: getaddrinfo ENOTFOUND redis-14611.c92.us-east-1-3.ec2.cloud.redislabs.com
Error: getaddrinfo ENOTFOUND redis-14611.c92.us-east-1-3.ec2.cloud.redislabs.com
    at GetAddrInfoReqWrap.onlookupall [as oncomplete] (node:dns:122:26)
2026-07-17 23:15:11 [error]: Redis error: getaddrinfo ENOTFOUND redis-14611.c92.us-east-1-3.ec2.cloud.redislabs.com
Error: getaddrinfo ENOTFOUND redis-14611.c92.us-east-1-3.ec2.cloud.redislabs.com
    at GetAddrInfoReqWrap.onlookupall [as oncomplete] (node:dns:122:26)
2026-07-17 23:15:13 [error]: Redis error: getaddrinfo ENOTFOUND redis-14611.c92.us-east-1-3.ec2.cloud.redislabs.com
Error: getaddrinfo ENOTFOUND redis-14611.c92.us-east-1-3.ec2.cloud.redislabs.com
    at GetAddrInfoReqWrap.onlookupall [as oncomplete] (node:dns:122:26)
2026-07-17 23:15:15 [error]: Redis error: getaddrinfo ENOTFOUND redis-14611.c92.us-east-1-3.ec2.cloud.redislabs.com
Error: getaddrinfo ENOTFOUND redis-14611.c92.us-east-1-3.ec2.cloud.redislabs.com
    at GetAddrInfoReqWrap.onlookupall [as oncomplete] (node:dns:122:26)
2026-07-17 23:15:17 [error]: Redis error: getaddrinfo ENOTFOUND redis-14611.c92.us-east-1-3.ec2.cloud.redislabs.com
Error: getaddrinfo ENOTFOUND redis-14611.c92.us-east-1-3.ec2.cloud.redislabs.com
    at GetAddrInfoReqWrap.onlookupall [as oncomplete] (node:dns:122:26)
2026-07-17 23:15:19 [error]: Redis error: getaddrinfo ENOTFOUND redis-14611.c92.us-east-1-3.ec2.cloud.redislabs.com
Error: getaddrinfo ENOTFOUND redis-14611.c92.us-east-1-3.ec2.cloud.redislabs.com
    at GetAddrInfoReqWrap.onlookupall [as oncomplete] (node:dns:122:26)
2026-07-17 23:15:21 [error]: Redis error: getaddrinfo ENOTFOUND redis-14611.c92.us-east-1-3.ec2.cloud.redislabs.com
Error: getaddrinfo ENOTFOUND redis-14611.c92.us-east-1-3.ec2.cloud.redislabs.com
    at GetAddrInfoReqWrap.onlookupall [as oncomplete] (node:dns:122:26)
2026-07-17 23:15:23 [error]: Redis error: getaddrinfo ENOTFOUND redis-14611.c92.us-east-1-3.ec2.cloud.redislabs.com
Error: getaddrinfo ENOTFOUND redis-14611.c92.us-east-1-3.ec2.cloud.redislabs.com
    at GetAddrInfoReqWrap.onlookupall [as oncomplete] (node:dns:122:26)
2026-07-17 23:15:25 [error]: Redis error: getaddrinfo ENOTFOUND redis-14611.c92.us-east-1-3.ec2.cloud.redislabs.com
Error: getaddrinfo ENOTFOUND redis-14611.c92.us-east-1-3.ec2.cloud.redislabs.com
    at GetAddrInfoReqWrap.onlookupall [as oncomplete] (node:dns:122:26)
2026-07-17 23:15:27 [error]: Redis error: getaddrinfo ENOTFOUND redis-14611.c92.us-east-1-3.ec2.cloud.redislabs.com
Error: getaddrinfo ENOTFOUND redis-14611.c92.us-east-1-3.ec2.cloud.redislabs.com
    at GetAddrInfoReqWrap.onlookupall [as oncomplete] (node:dns:122:26)
2026-07-17 23:15:29 [error]: Redis error: getaddrinfo ENOTFOUND redis-14611.c92.us-east-1-3.ec2.cloud.redislabs.com
Error: getaddrinfo ENOTFOUND redis-14611.c92.us-east-1-3.ec2.cloud.redislabs.com
    at GetAddrInfoReqWrap.onlookupall [as oncomplete] (node:dns:122:26)
2026-07-17 23:15:31 [error]: Redis error: getaddrinfo ENOTFOUND redis-14611.c92.us-east-1-3.ec2.cloud.redislabs.com
Error: getaddrinfo ENOTFOUND redis-14611.c92.us-east-1-3.ec2.cloud.redislabs.com
    at GetAddrInfoReqWrap.onlookupall [as oncomplete] (node:dns:122:26)
2026-07-17 23:15:33 [error]: Redis error: getaddrinfo ENOTFOUND redis-14611.c92.us-east-1-3.ec2.cloud.redislabs.com
Error: getaddrinfo ENOTFOUND redis-14611.c92.us-east-1-3.ec2.cloud.redislabs.com
    at GetAddrInfoReqWrap.onlookupall [as oncomplete] (node:dns:122:26)
2026-07-17 23:15:35 [error]: Redis error: getaddrinfo ENOTFOUND redis-14611.c92.us-east-1-3.ec2.cloud.redislabs.com
Error: getaddrinfo ENOTFOUND redis-14611.c92.us-east-1-3.ec2.cloud.redislabs.com
    at GetAddrInfoReqWrap.onlookupall [as oncomplete] (node:dns:122:26)
2026-07-17 23:15:37 [error]: Redis error: getaddrinfo ENOTFOUND redis-14611.c92.us-east-1-3.ec2.cloud.redislabs.com
Error: getaddrinfo ENOTFOUND redis-14611.c92.us-east-1-3.ec2.cloud.redislabs.com
    at GetAddrInfoReqWrap.onlookupall [as oncomplete] (node:dns:122:26)
2026-07-17 23:15:39 [error]: Redis error: getaddrinfo ENOTFOUND redis-14611.c92.us-east-1-3.ec2.cloud.redislabs.com
Error: getaddrinfo ENOTFOUND redis-14611.c92.us-east-1-3.ec2.cloud.redislabs.com
    at GetAddrInfoReqWrap.onlookupall [as oncomplete] (node:dns:122:26)
2026-07-17 23:15:41 [error]: Redis error: getaddrinfo ENOTFOUND redis-14611.c92.us-east-1-3.ec2.cloud.redislabs.com
Error: getaddrinfo ENOTFOUND redis-14611.c92.us-east-1-3.ec2.cloud.redislabs.com
    at GetAddrInfoReqWrap.onlookupall [as oncomplete] (node:dns:122:26)
2026-07-17 23:15:43 [error]: Redis error: getaddrinfo ENOTFOUND redis-14611.c92.us-east-1-3.ec2.cloud.redislabs.com
Error: getaddrinfo ENOTFOUND redis-14611.c92.us-east-1-3.ec2.cloud.redislabs.com
    at GetAddrInfoReqWrap.onlookupall [as oncomplete] (node:dns:122:26)
2026-07-17 23:15:45 [error]: Redis error: getaddrinfo ENOTFOUND redis-14611.c92.us-east-1-3.ec2.cloud.redislabs.com
Error: getaddrinfo ENOTFOUND redis-14611.c92.us-east-1-3.ec2.cloud.redislabs.com
    at GetAddrInfoReqWrap.onlookupall [as oncomplete] (node:dns:122:26)
2026-07-17 23:15:47 [error]: Redis error: getaddrinfo ENOTFOUND redis-14611.c92.us-east-1-3.ec2.cloud.redislabs.com
Error: getaddrinfo ENOTFOUND redis-14611.c92.us-east-1-3.ec2.cloud.redislabs.com
    at GetAddrInfoReqWrap.onlookupall [as oncomplete] (node:dns:122:26)
2026-07-17 23:15:49 [error]: Redis error: getaddrinfo ENOTFOUND redis-14611.c92.us-east-1-3.ec2.cloud.redislabs.com
Error: getaddrinfo ENOTFOUND redis-14611.c92.us-east-1-3.ec2.cloud.redislabs.com
    at GetAddrInfoReqWrap.onlookupall [as oncomplete] (node:dns:122:26)
2026-07-17 23:15:51 [error]: Redis error: getaddrinfo ENOTFOUND redis-14611.c92.us-east-1-3.ec2.cloud.redislabs.com
Error: getaddrinfo ENOTFOUND redis-14611.c92.us-east-1-3.ec2.cloud.redislabs.com
    at GetAddrInfoReqWrap.onlookupall [as oncomplete] (node:dns:122:26)
2026-07-17 23:15:53 [error]: Redis error: getaddrinfo ENOTFOUND redis-14611.c92.us-east-1-3.ec2.cloud.redislabs.com
Error: getaddrinfo ENOTFOUND redis-14611.c92.us-east-1-3.ec2.cloud.redislabs.com
    at GetAddrInfoReqWrap.onlookupall [as oncomplete] (node:dns:122:26)
2026-07-17 23:15:55 [error]: Redis error: getaddrinfo ENOTFOUND redis-14611.c92.us-east-1-3.ec2.cloud.redislabs.com
Error: getaddrinfo ENOTFOUND redis-14611.c92.us-east-1-3.ec2.cloud.redislabs.com
    at GetAddrInfoReqWrap.onlookupall [as oncomplete] (node:dns:122:26)
2026-07-17 23:15:57 [error]: Redis error: getaddrinfo ENOTFOUND redis-14611.c92.us-east-1-3.ec2.cloud.redislabs.com
Error: getaddrinfo ENOTFOUND redis-14611.c92.us-east-1-3.ec2.cloud.redislabs.com
    at GetAddrInfoReqWrap.onlookupall [as oncomplete] (node:dns:122:26)
2026-07-17 23:15:59 [error]: Redis error: getaddrinfo ENOTFOUND redis-14611.c92.us-east-1-3.ec2.cloud.redislabs.com
Error: getaddrinfo ENOTFOUND redis-14611.c92.us-east-1-3.ec2.cloud.redislabs.com
    at GetAddrInfoReqWrap.onlookupall [as oncomplete] (node:dns:122:26)
2026-07-17 23:16:01 [error]: Redis error: getaddrinfo ENOTFOUND redis-14611.c92.us-east-1-3.ec2.cloud.redislabs.com
Error: getaddrinfo ENOTFOUND redis-14611.c92.us-east-1-3.ec2.cloud.redislabs.com
    at GetAddrInfoReqWrap.onlookupall [as oncomplete] (node:dns:122:26)
2026-07-17 23:16:03 [error]: Redis error: getaddrinfo ENOTFOUND redis-14611.c92.us-east-1-3.ec2.cloud.redislabs.com
Error: getaddrinfo ENOTFOUND redis-14611.c92.us-east-1-3.ec2.cloud.redislabs.com
    at GetAddrInfoReqWrap.onlookupall [as oncomplete] (node:dns:122:26)
2026-07-17 23:16:06 [error]: Redis error: getaddrinfo ENOTFOUND redis-14611.c92.us-east-1-3.ec2.cloud.redislabs.com
Error: getaddrinfo ENOTFOUND redis-14611.c92.us-east-1-3.ec2.cloud.redislabs.com
    at GetAddrInfoReqWrap.onlookupall [as oncomplete] (node:dns:122:26)
2026-07-17 23:16:08 [error]: Redis error: getaddrinfo ENOTFOUND redis-14611.c92.us-east-1-3.ec2.cloud.redislabs.com
Error: getaddrinfo ENOTFOUND redis-14611.c92.us-east-1-3.ec2.cloud.redislabs.com
    at GetAddrInfoReqWrap.onlookupall [as oncomplete] (node:dns:122:26)
2026-07-17 23:16:10 [error]: Redis error: getaddrinfo ENOTFOUND redis-14611.c92.us-east-1-3.ec2.cloud.redislabs.com
Error: getaddrinfo ENOTFOUND redis-14611.c92.us-east-1-3.ec2.cloud.redislabs.com
    at GetAddrInfoReqWrap.onlookupall [as oncomplete] (node:dns:122:26)
2026-07-17 23:16:12 [error]: Redis error: getaddrinfo ENOTFOUND redis-14611.c92.us-east-1-3.ec2.cloud.redislabs.com
Error: getaddrinfo ENOTFOUND redis-14611.c92.us-east-1-3.ec2.cloud.redislabs.com
    at GetAddrInfoReqWrap.onlookupall [as oncomplete] (node:dns:122:26)
2026-07-17 23:16:14 [error]: Redis error: getaddrinfo ENOTFOUND redis-14611.c92.us-east-1-3.ec2.cloud.redislabs.com
Error: getaddrinfo ENOTFOUND redis-14611.c92.us-east-1-3.ec2.cloud.redislabs.com
    at GetAddrInfoReqWrap.onlookupall [as oncomplete] (node:dns:122:26)
2026-07-17 23:16:16 [error]: Redis error: getaddrinfo ENOTFOUND redis-14611.c92.us-east-1-3.ec2.cloud.redislabs.com
Error: getaddrinfo ENOTFOUND redis-14611.c92.us-east-1-3.ec2.cloud.redislabs.com
    at GetAddrInfoReqWrap.onlookupall [as oncomplete] (node:dns:122:26)
2026-07-17 23:16:18 [error]: Redis error: getaddrinfo ENOTFOUND redis-14611.c92.us-east-1-3.ec2.cloud.redislabs.com
Error: getaddrinfo ENOTFOUND redis-14611.c92.us-east-1-3.ec2.cloud.redislabs.com
    at GetAddrInfoReqWrap.onlookupall [as oncomplete] (node:dns:122:26)
2026-07-17 23:16:20 [error]: Redis error: getaddrinfo ENOTFOUND redis-14611.c92.us-east-1-3.ec2.cloud.redislabs.com
Error: getaddrinfo ENOTFOUND redis-14611.c92.us-east-1-3.ec2.cloud.redislabs.com
    at GetAddrInfoReqWrap.onlookupall [as oncomplete] (node:dns:122:26)
2026-07-17 23:16:22 [error]: Redis error: getaddrinfo ENOTFOUND redis-14611.c92.us-east-1-3.ec2.cloud.redislabs.com
Error: getaddrinfo ENOTFOUND redis-14611.c92.us-east-1-3.ec2.cloud.redislabs.com
    at GetAddrInfoReqWrap.onlookupall [as oncomplete] (node:dns:122:26)
2026-07-17 23:16:24 [error]: Redis error: getaddrinfo ENOTFOUND redis-14611.c92.us-east-1-3.ec2.cloud.redislabs.com
Error: getaddrinfo ENOTFOUND redis-14611.c92.us-east-1-3.ec2.cloud.redislabs.com
    at GetAddrInfoReqWrap.onlookupall [as oncomplete] (node:dns:122:26)
2026-07-17 23:16:26 [error]: Redis error: getaddrinfo ENOTFOUND redis-14611.c92.us-east-1-3.ec2.cloud.redislabs.com
Error: getaddrinfo ENOTFOUND redis-14611.c92.us-east-1-3.ec2.cloud.redislabs.com
    at GetAddrInfoReqWrap.onlookupall [as oncomplete] (node:dns:122:26)
2026-07-17 23:16:28 [error]: Redis error: getaddrinfo ENOTFOUND redis-14611.c92.us-east-1-3.ec2.cloud.redislabs.com
Error: getaddrinfo ENOTFOUND redis-14611.c92.us-east-1-3.ec2.cloud.redislabs.com
    at GetAddrInfoReqWrap.onlookupall [as oncomplete] (node:dns:122:26)
2026-07-17 23:16:30 [error]: Redis error: getaddrinfo ENOTFOUND redis-14611.c92.us-east-1-3.ec2.cloud.redislabs.com
Error: getaddrinfo ENOTFOUND redis-14611.c92.us-east-1-3.ec2.cloud.redislabs.com
    at GetAddrInfoReqWrap.onlookupall [as oncomplete] (node:dns:122:26)
2026-07-17 23:16:32 [error]: Redis error: getaddrinfo ENOTFOUND redis-14611.c92.us-east-1-3.ec2.cloud.redislabs.com
Error: getaddrinfo ENOTFOUND redis-14611.c92.us-east-1-3.ec2.cloud.redislabs.com
    at GetAddrInfoReqWrap.onlookupall [as oncomplete] (node:dns:122:26)
2026-07-17 23:16:34 [error]: Redis error: getaddrinfo ENOTFOUND redis-14611.c92.us-east-1-3.ec2.cloud.redislabs.com
Error: getaddrinfo ENOTFOUND redis-14611.c92.us-east-1-3.ec2.cloud.redislabs.com
    at GetAddrInfoReqWrap.onlookupall [as oncomplete] (node:dns:122:26)
2026-07-17 23:16:36 [error]: Redis error: getaddrinfo ENOTFOUND redis-14611.c92.us-east-1-3.ec2.cloud.redislabs.com
Error: getaddrinfo ENOTFOUND redis-14611.c92.us-east-1-3.ec2.cloud.redislabs.com
    at GetAddrInfoReqWrap.onlookupall [as oncomplete] (node:dns:122:26)
2026-07-17 23:16:38 [error]: Redis error: getaddrinfo ENOTFOUND redis-14611.c92.us-east-1-3.ec2.cloud.redislabs.com
Error: getaddrinfo ENOTFOUND redis-14611.c92.us-east-1-3.ec2.cloud.redislabs.com
    at GetAddrInfoReqWrap.onlookupall [as oncomplete] (node:dns:122:26)
2026-07-17 23:16:40 [error]: Redis error: getaddrinfo ENOTFOUND redis-14611.c92.us-east-1-3.ec2.cloud.redislabs.com
Error: getaddrinfo ENOTFOUND redis-14611.c92.us-east-1-3.ec2.cloud.redislabs.com
    at GetAddrInfoReqWrap.onlookupall [as oncomplete] (node:dns:122:26)
2026-07-17 23:16:42 [error]: Redis error: getaddrinfo ENOTFOUND redis-14611.c92.us-east-1-3.ec2.cloud.redislabs.com
Error: getaddrinfo ENOTFOUND redis-14611.c92.us-east-1-3.ec2.cloud.redislabs.com
    at GetAddrInfoReqWrap.onlookupall [as oncomplete] (node:dns:122:26)
2026-07-17 23:16:44 [error]: Redis error: getaddrinfo ENOTFOUND redis-14611.c92.us-east-1-3.ec2.cloud.redislabs.com
Error: getaddrinfo ENOTFOUND redis-14611.c92.us-east-1-3.ec2.cloud.redislabs.com
    at GetAddrInfoReqWrap.onlookupall [as oncomplete] (node:dns:122:26)
2026-07-17 23:16:46 [error]: Redis error: getaddrinfo ENOTFOUND redis-14611.c92.us-east-1-3.ec2.cloud.redislabs.com
Error: getaddrinfo ENOTFOUND redis-14611.c92.us-east-1-3.ec2.cloud.redislabs.com
    at GetAddrInfoReqWrap.onlookupall [as oncomplete] (node:dns:122:26)
2026-07-17 23:16:48 [error]: Redis error: getaddrinfo ENOTFOUND redis-14611.c92.us-east-1-3.ec2.cloud.redislabs.com
Error: getaddrinfo ENOTFOUND redis-14611.c92.us-east-1-3.ec2.cloud.redislabs.com
    at GetAddrInfoReqWrap.onlookupall [as oncomplete] (node:dns:122:26)
2026-07-17 23:16:50 [error]: Redis error: getaddrinfo ENOTFOUND redis-14611.c92.us-east-1-3.ec2.cloud.redislabs.com
Error: getaddrinfo ENOTFOUND redis-14611.c92.us-east-1-3.ec2.cloud.redislabs.com
    at GetAddrInfoReqWrap.onlookupall [as oncomplete] (node:dns:122:26)
2026-07-17 23:16:52 [error]: Redis error: getaddrinfo ENOTFOUND redis-14611.c92.us-east-1-3.ec2.cloud.redislabs.com
Error: getaddrinfo ENOTFOUND redis-14611.c92.us-east-1-3.ec2.cloud.redislabs.com
    at GetAddrInfoReqWrap.onlookupall [as oncomplete] (node:dns:122:26)
2026-07-17 23:16:54 [error]: Redis error: getaddrinfo ENOTFOUND redis-14611.c92.us-east-1-3.ec2.cloud.redislabs.com
Error: getaddrinfo ENOTFOUND redis-14611.c92.us-east-1-3.ec2.cloud.redislabs.com
    at GetAddrInfoReqWrap.onlookupall [as oncomplete] (node:dns:122:26)
2026-07-17 23:16:56 [error]: Redis error: getaddrinfo ENOTFOUND redis-14611.c92.us-east-1-3.ec2.cloud.redislabs.com
Error: getaddrinfo ENOTFOUND redis-14611.c92.us-east-1-3.ec2.cloud.redislabs.com
    at GetAddrInfoReqWrap.onlookupall [as oncomplete] (node:dns:122:26)
2026-07-17 23:16:58 [error]: Redis error: getaddrinfo ENOTFOUND redis-14611.c92.us-east-1-3.ec2.cloud.redislabs.com
Error: getaddrinfo ENOTFOUND redis-14611.c92.us-east-1-3.ec2.cloud.redislabs.com
    at GetAddrInfoReqWrap.onlookupall [as oncomplete] (node:dns:122:26)
2026-07-17 23:17:00 [error]: Redis error: getaddrinfo ENOTFOUND redis-14611.c92.us-east-1-3.ec2.cloud.redislabs.com
Error: getaddrinfo ENOTFOUND redis-14611.c92.us-east-1-3.ec2.cloud.redislabs.com
    at GetAddrInfoReqWrap.onlookupall [as oncomplete] (node:dns:122:26)
2026-07-17 23:17:02 [error]: Redis error: getaddrinfo ENOTFOUND redis-14611.c92.us-east-1-3.ec2.cloud.redislabs.com
Error: getaddrinfo ENOTFOUND redis-14611.c92.us-east-1-3.ec2.cloud.redislabs.com
    at GetAddrInfoReqWrap.onlookupall [as oncomplete] (node:dns:122:26)
2026-07-17 23:17:04 [error]: Redis error: getaddrinfo ENOTFOUND redis-14611.c92.us-east-1-3.ec2.cloud.redislabs.com
Error: getaddrinfo ENOTFOUND redis-14611.c92.us-east-1-3.ec2.cloud.redislabs.com
    at GetAddrInfoReqWrap.onlookupall [as oncomplete] (node:dns:122:26)
2026-07-17 23:17:06 [error]: Redis error: getaddrinfo ENOTFOUND redis-14611.c92.us-east-1-3.ec2.cloud.redislabs.com
Error: getaddrinfo ENOTFOUND redis-14611.c92.us-east-1-3.ec2.cloud.redislabs.com
    at GetAddrInfoReqWrap.onlookupall [as oncomplete] (node:dns:122:26)
2026-07-17 23:17:08 [error]: Redis error: getaddrinfo ENOTFOUND redis-14611.c92.us-east-1-3.ec2.cloud.redislabs.com
Error: getaddrinfo ENOTFOUND redis-14611.c92.us-east-1-3.ec2.cloud.redislabs.com
    at GetAddrInfoReqWrap.onlookupall [as oncomplete] (node:dns:122:26)
2026-07-17 23:17:10 [error]: Redis error: getaddrinfo ENOTFOUND redis-14611.c92.us-east-1-3.ec2.cloud.redislabs.com
Error: getaddrinfo ENOTFOUND redis-14611.c92.us-east-1-3.ec2.cloud.redislabs.com
    at GetAddrInfoReqWrap.onlookupall [as oncomplete] (node:dns:122:26)
2026-07-17 23:17:12 [error]: Redis error: getaddrinfo ENOTFOUND redis-14611.c92.us-east-1-3.ec2.cloud.redislabs.com
Error: getaddrinfo ENOTFOUND redis-14611.c92.us-east-1-3.ec2.cloud.redislabs.com
    at GetAddrInfoReqWrap.onlookupall [as oncomplete] (node:dns:122:26)
2026-07-17 23:17:14 [error]: Redis error: getaddrinfo ENOTFOUND redis-14611.c92.us-east-1-3.ec2.cloud.redislabs.com
Error: getaddrinfo ENOTFOUND redis-14611.c92.us-east-1-3.ec2.cloud.redislabs.com
    at GetAddrInfoReqWrap.onlookupall [as oncomplete] (node:dns:122:26)
2026-07-17 23:17:16 [error]: Redis error: getaddrinfo ENOTFOUND redis-14611.c92.us-east-1-3.ec2.cloud.redislabs.com
Error: getaddrinfo ENOTFOUND redis-14611.c92.us-east-1-3.ec2.cloud.redislabs.com
    at GetAddrInfoReqWrap.onlookupall [as oncomplete] (node:dns:122:26)
2026-07-17 23:17:18 [error]: Redis error: getaddrinfo ENOTFOUND redis-14611.c92.us-east-1-3.ec2.cloud.redislabs.com
Error: getaddrinfo ENOTFOUND redis-14611.c92.us-east-1-3.ec2.cloud.redislabs.com
    at GetAddrInfoReqWrap.onlookupall [as oncomplete] (node:dns:122:26)
2026-07-17 23:17:20 [error]: Redis error: getaddrinfo ENOTFOUND redis-14611.c92.us-east-1-3.ec2.cloud.redislabs.com
Error: getaddrinfo ENOTFOUND redis-14611.c92.us-east-1-3.ec2.cloud.redislabs.com
    at GetAddrInfoReqWrap.onlookupall [as oncomplete] (node:dns:122:26)
2026-07-17 23:17:22 [error]: Redis error: getaddrinfo ENOTFOUND redis-14611.c92.us-east-1-3.ec2.cloud.redislabs.com
Error: getaddrinfo ENOTFOUND redis-14611.c92.us-east-1-3.ec2.cloud.redislabs.com
    at GetAddrInfoReqWrap.onlookupall [as oncomplete] (node:dns:122:26)
2026-07-17 23:17:24 [error]: Redis error: getaddrinfo ENOTFOUND redis-14611.c92.us-east-1-3.ec2.cloud.redislabs.com
Error: getaddrinfo ENOTFOUND redis-14611.c92.us-east-1-3.ec2.cloud.redislabs.com
    at GetAddrInfoReqWrap.onlookupall [as oncomplete] (node:dns:122:26)
2026-07-17 23:17:26 [error]: Redis error: getaddrinfo ENOTFOUND redis-14611.c92.us-east-1-3.ec2.cloud.redislabs.com
Error: getaddrinfo ENOTFOUND redis-14611.c92.us-east-1-3.ec2.cloud.redislabs.com
    at GetAddrInfoReqWrap.onlookupall [as oncomplete] (node:dns:122:26)
2026-07-17 23:17:28 [error]: Redis error: getaddrinfo ENOTFOUND redis-14611.c92.us-east-1-3.ec2.cloud.redislabs.com
Error: getaddrinfo ENOTFOUND redis-14611.c92.us-east-1-3.ec2.cloud.redislabs.com
    at GetAddrInfoReqWrap.onlookupall [as oncomplete] (node:dns:122:26)
2026-07-17 23:17:30 [error]: Redis error: getaddrinfo ENOTFOUND redis-14611.c92.us-east-1-3.ec2.cloud.redislabs.com
Error: getaddrinfo ENOTFOUND redis-14611.c92.us-east-1-3.ec2.cloud.redislabs.com
    at GetAddrInfoReqWrap.onlookupall [as oncomplete] (node:dns:122:26)
2026-07-17 23:17:32 [error]: Redis error: getaddrinfo ENOTFOUND redis-14611.c92.us-east-1-3.ec2.cloud.redislabs.com
Error: getaddrinfo ENOTFOUND redis-14611.c92.us-east-1-3.ec2.cloud.redislabs.com
    at GetAddrInfoReqWrap.onlookupall [as oncomplete] (node:dns:122:26)
2026-07-17 23:17:34 [error]: Redis error: getaddrinfo ENOTFOUND redis-14611.c92.us-east-1-3.ec2.cloud.redislabs.com
Error: getaddrinfo ENOTFOUND redis-14611.c92.us-east-1-3.ec2.cloud.redislabs.com
    at GetAddrInfoReqWrap.onlookupall [as oncomplete] (node:dns:122:26)
2026-07-17 23:17:36 [error]: Redis error: getaddrinfo ENOTFOUND redis-14611.c92.us-east-1-3.ec2.cloud.redislabs.com
Error: getaddrinfo ENOTFOUND redis-14611.c92.us-east-1-3.ec2.cloud.redislabs.com
    at GetAddrInfoReqWrap.onlookupall [as oncomplete] (node:dns:122:26)
2026-07-17 23:17:38 [error]: Redis error: getaddrinfo ENOTFOUND redis-14611.c92.us-east-1-3.ec2.cloud.redislabs.com
Error: getaddrinfo ENOTFOUND redis-14611.c92.us-east-1-3.ec2.cloud.redislabs.com
    at GetAddrInfoReqWrap.onlookupall [as oncomplete] (node:dns:122:26)
2026-07-17 23:17:40 [error]: Redis error: getaddrinfo ENOTFOUND redis-14611.c92.us-east-1-3.ec2.cloud.redislabs.com
Error: getaddrinfo ENOTFOUND redis-14611.c92.us-east-1-3.ec2.cloud.redislabs.com
    at GetAddrInfoReqWrap.onlookupall [as oncomplete] (node:dns:122:26)
2026-07-17 23:17:42 [error]: Redis error: getaddrinfo ENOTFOUND redis-14611.c92.us-east-1-3.ec2.cloud.redislabs.com
Error: getaddrinfo ENOTFOUND redis-14611.c92.us-east-1-3.ec2.cloud.redislabs.com
    at GetAddrInfoReqWrap.onlookupall [as oncomplete] (node:dns:122:26)
2026-07-17 23:17:44 [error]: Redis error: getaddrinfo ENOTFOUND redis-14611.c92.us-east-1-3.ec2.cloud.redislabs.com
Error: getaddrinfo ENOTFOUND redis-14611.c92.us-east-1-3.ec2.cloud.redislabs.com
    at GetAddrInfoReqWrap.onlookupall [as oncomplete] (node:dns:122:26)
2026-07-17 23:17:46 [error]: Redis error: getaddrinfo ENOTFOUND redis-14611.c92.us-east-1-3.ec2.cloud.redislabs.com
Error: getaddrinfo ENOTFOUND redis-14611.c92.us-east-1-3.ec2.cloud.redislabs.com
    at GetAddrInfoReqWrap.onlookupall [as oncomplete] (node:dns:122:26)
2026-07-17 23:17:48 [error]: Redis error: getaddrinfo ENOTFOUND redis-14611.c92.us-east-1-3.ec2.cloud.redislabs.com
Error: getaddrinfo ENOTFOUND redis-14611.c92.us-east-1-3.ec2.cloud.redislabs.com
    at GetAddrInfoReqWrap.onlookupall [as oncomplete] (node:dns:122:26)
2026-07-17 23:17:50 [error]: Redis error: getaddrinfo ENOTFOUND redis-14611.c92.us-east-1-3.ec2.cloud.redislabs.com
Error: getaddrinfo ENOTFOUND redis-14611.c92.us-east-1-3.ec2.cloud.redislabs.com
    at GetAddrInfoReqWrap.onlookupall [as oncomplete] (node:dns:122:26)
2026-07-17 23:17:52 [error]: Redis error: getaddrinfo ENOTFOUND redis-14611.c92.us-east-1-3.ec2.cloud.redislabs.com
Error: getaddrinfo ENOTFOUND redis-14611.c92.us-east-1-3.ec2.cloud.redislabs.com
    at GetAddrInfoReqWrap.onlookupall [as oncomplete] (node:dns:122:26)
2026-07-17 23:17:54 [error]: Redis error: getaddrinfo ENOTFOUND redis-14611.c92.us-east-1-3.ec2.cloud.redislabs.com
Error: getaddrinfo ENOTFOUND redis-14611.c92.us-east-1-3.ec2.cloud.redislabs.com
    at GetAddrInfoReqWrap.onlookupall [as oncomplete] (node:dns:122:26)
2026-07-17 23:17:56 [error]: Redis error: getaddrinfo ENOTFOUND redis-14611.c92.us-east-1-3.ec2.cloud.redislabs.com
Error: getaddrinfo ENOTFOUND redis-14611.c92.us-east-1-3.ec2.cloud.redislabs.com
    at GetAddrInfoReqWrap.onlookupall [as oncomplete] (node:dns:122:26)
2026-07-17 23:17:58 [error]: Redis error: getaddrinfo ENOTFOUND redis-14611.c92.us-east-1-3.ec2.cloud.redislabs.com
Error: getaddrinfo ENOTFOUND redis-14611.c92.us-east-1-3.ec2.cloud.redislabs.com
    at GetAddrInfoReqWrap.onlookupall [as oncomplete] (node:dns:122:26)
2026-07-17 23:18:00 [error]: Redis error: getaddrinfo ENOTFOUND redis-14611.c92.us-east-1-3.ec2.cloud.redislabs.com
Error: getaddrinfo ENOTFOUND redis-14611.c92.us-east-1-3.ec2.cloud.redislabs.com
    at GetAddrInfoReqWrap.onlookupall [as oncomplete] (node:dns:122:26)
2026-07-17 23:18:02 [error]: Redis error: getaddrinfo ENOTFOUND redis-14611.c92.us-east-1-3.ec2.cloud.redislabs.com
Error: getaddrinfo ENOTFOUND redis-14611.c92.us-east-1-3.ec2.cloud.redislabs.com
    at GetAddrInfoReqWrap.onlookupall [as oncomplete] (node:dns:122:26)
2026-07-17 23:18:04 [error]: Redis error: getaddrinfo ENOTFOUND redis-14611.c92.us-east-1-3.ec2.cloud.redislabs.com
Error: getaddrinfo ENOTFOUND redis-14611.c92.us-east-1-3.ec2.cloud.redislabs.com
    at GetAddrInfoReqWrap.onlookupall [as oncomplete] (node:dns:122:26)
2026-07-17 23:18:06 [error]: Redis error: getaddrinfo ENOTFOUND redis-14611.c92.us-east-1-3.ec2.cloud.redislabs.com
Error: getaddrinfo ENOTFOUND redis-14611.c92.us-east-1-3.ec2.cloud.redislabs.com
    at GetAddrInfoReqWrap.onlookupall [as oncomplete] (node:dns:122:26)
2026-07-17 23:18:08 [error]: Redis error: getaddrinfo ENOTFOUND redis-14611.c92.us-east-1-3.ec2.cloud.redislabs.com
Error: getaddrinfo ENOTFOUND redis-14611.c92.us-east-1-3.ec2.cloud.redislabs.com
    at GetAddrInfoReqWrap.onlookupall [as oncomplete] (node:dns:122:26)
2026-07-17 23:18:10 [error]: Redis error: getaddrinfo ENOTFOUND redis-14611.c92.us-east-1-3.ec2.cloud.redislabs.com
Error: getaddrinfo ENOTFOUND redis-14611.c92.us-east-1-3.ec2.cloud.redislabs.com
    at GetAddrInfoReqWrap.onlookupall [as oncomplete] (node:dns:122:26)
2026-07-17 23:18:12 [error]: Redis error: getaddrinfo ENOTFOUND redis-14611.c92.us-east-1-3.ec2.cloud.redislabs.com
Error: getaddrinfo ENOTFOUND redis-14611.c92.us-east-1-3.ec2.cloud.redislabs.com
    at GetAddrInfoReqWrap.onlookupall [as oncomplete] (node:dns:122:26)
2026-07-17 23:18:14 [error]: Redis error: getaddrinfo ENOTFOUND redis-14611.c92.us-east-1-3.ec2.cloud.redislabs.com
Error: getaddrinfo ENOTFOUND redis-14611.c92.us-east-1-3.ec2.cloud.redislabs.com
    at GetAddrInfoReqWrap.onlookupall [as oncomplete] (node:dns:122:26)
2026-07-17 23:18:16 [error]: Redis error: getaddrinfo ENOTFOUND redis-14611.c92.us-east-1-3.ec2.cloud.redislabs.com
Error: getaddrinfo ENOTFOUND redis-14611.c92.us-east-1-3.ec2.cloud.redislabs.com
    at GetAddrInfoReqWrap.onlookupall [as oncomplete] (node:dns:122:26)
2026-07-17 23:18:18 [error]: Redis error: getaddrinfo ENOTFOUND redis-14611.c92.us-east-1-3.ec2.cloud.redislabs.com
Error: getaddrinfo ENOTFOUND redis-14611.c92.us-east-1-3.ec2.cloud.redislabs.com
    at GetAddrInfoReqWrap.onlookupall [as oncomplete] (node:dns:122:26)
2026-07-17 23:18:20 [error]: Redis error: getaddrinfo ENOTFOUND redis-14611.c92.us-east-1-3.ec2.cloud.redislabs.com
Error: getaddrinfo ENOTFOUND redis-14611.c92.us-east-1-3.ec2.cloud.redislabs.com
    at GetAddrInfoReqWrap.onlookupall [as oncomplete] (node:dns:122:26)
2026-07-17 23:18:22 [error]: Redis error: getaddrinfo ENOTFOUND redis-14611.c92.us-east-1-3.ec2.cloud.redislabs.com
Error: getaddrinfo ENOTFOUND redis-14611.c92.us-east-1-3.ec2.cloud.redislabs.com
    at GetAddrInfoReqWrap.onlookupall [as oncomplete] (node:dns:122:26)
2026-07-17 23:18:24 [error]: Redis error: getaddrinfo ENOTFOUND redis-14611.c92.us-east-1-3.ec2.cloud.redislabs.com
Error: getaddrinfo ENOTFOUND redis-14611.c92.us-east-1-3.ec2.cloud.redislabs.com
    at GetAddrInfoReqWrap.onlookupall [as oncomplete] (node:dns:122:26)
2026-07-17 23:18:27 [error]: Redis error: getaddrinfo ENOTFOUND redis-14611.c92.us-east-1-3.ec2.cloud.redislabs.com
Error: getaddrinfo ENOTFOUND redis-14611.c92.us-east-1-3.ec2.cloud.redislabs.com
    at GetAddrInfoReqWrap.onlookupall [as oncomplete] (node:dns:122:26)
2026-07-17 23:18:29 [error]: Redis error: getaddrinfo ENOTFOUND redis-14611.c92.us-east-1-3.ec2.cloud.redislabs.com
Error: getaddrinfo ENOTFOUND redis-14611.c92.us-east-1-3.ec2.cloud.redislabs.com
    at GetAddrInfoReqWrap.onlookupall [as oncomplete] (node:dns:122:26)
2026-07-17 23:18:31 [error]: Redis error: getaddrinfo ENOTFOUND redis-14611.c92.us-east-1-3.ec2.cloud.redislabs.com
Error: getaddrinfo ENOTFOUND redis-14611.c92.us-east-1-3.ec2.cloud.redislabs.com
    at GetAddrInfoReqWrap.onlookupall [as oncomplete] (node:dns:122:26)
2026-07-17 23:18:33 [error]: Redis error: getaddrinfo ENOTFOUND redis-14611.c92.us-east-1-3.ec2.cloud.redislabs.com
Error: getaddrinfo ENOTFOUND redis-14611.c92.us-east-1-3.ec2.cloud.redislabs.com
    at GetAddrInfoReqWrap.onlookupall [as oncomplete] (node:dns:122:26)
2026-07-17 23:18:35 [error]: Redis error: getaddrinfo ENOTFOUND redis-14611.c92.us-east-1-3.ec2.cloud.redislabs.com
Error: getaddrinfo ENOTFOUND redis-14611.c92.us-east-1-3.ec2.cloud.redislabs.com
    at GetAddrInfoReqWrap.onlookupall [as oncomplete] (node:dns:122:26)
2026-07-17 23:18:37 [error]: Redis error: getaddrinfo ENOTFOUND redis-14611.c92.us-east-1-3.ec2.cloud.redislabs.com
Error: getaddrinfo ENOTFOUND redis-14611.c92.us-east-1-3.ec2.cloud.redislabs.com
    at GetAddrInfoReqWrap.onlookupall [as oncomplete] (node:dns:122:26)
2026-07-17 23:18:39 [error]: Redis error: getaddrinfo ENOTFOUND redis-14611.c92.us-east-1-3.ec2.cloud.redislabs.com
Error: getaddrinfo ENOTFOUND redis-14611.c92.us-east-1-3.ec2.cloud.redislabs.com
    at GetAddrInfoReqWrap.onlookupall [as oncomplete] (node:dns:122:26)
2026-07-17 23:18:41 [error]: Redis error: getaddrinfo ENOTFOUND redis-14611.c92.us-east-1-3.ec2.cloud.redislabs.com
Error: getaddrinfo ENOTFOUND redis-14611.c92.us-east-1-3.ec2.cloud.redislabs.com
    at GetAddrInfoReqWrap.onlookupall [as oncomplete] (node:dns:122:26)
2026-07-17 23:18:43 [error]: Redis error: getaddrinfo ENOTFOUND redis-14611.c92.us-east-1-3.ec2.cloud.redislabs.com
Error: getaddrinfo ENOTFOUND redis-14611.c92.us-east-1-3.ec2.cloud.redislabs.com
    at GetAddrInfoReqWrap.onlookupall [as oncomplete] (node:dns:122:26)
2026-07-17 23:18:45 [error]: Redis error: getaddrinfo ENOTFOUND redis-14611.c92.us-east-1-3.ec2.cloud.redislabs.com
Error: getaddrinfo ENOTFOUND redis-14611.c92.us-east-1-3.ec2.cloud.redislabs.com
    at GetAddrInfoReqWrap.onlookupall [as oncomplete] (node:dns:122:26)
2026-07-17 23:18:47 [error]: Redis error: getaddrinfo ENOTFOUND redis-14611.c92.us-east-1-3.ec2.cloud.redislabs.com
Error: getaddrinfo ENOTFOUND redis-14611.c92.us-east-1-3.ec2.cloud.redislabs.com
    at GetAddrInfoReqWrap.onlookupall [as oncomplete] (node:dns:122:26)
2026-07-17 23:18:49 [error]: Redis error: getaddrinfo ENOTFOUND redis-14611.c92.us-east-1-3.ec2.cloud.redislabs.com
Error: getaddrinfo ENOTFOUND redis-14611.c92.us-east-1-3.ec2.cloud.redislabs.com
    at GetAddrInfoReqWrap.onlookupall [as oncomplete] (node:dns:122:26)
2026-07-17 23:18:51 [error]: Redis error: getaddrinfo ENOTFOUND redis-14611.c92.us-east-1-3.ec2.cloud.redislabs.com
Error: getaddrinfo ENOTFOUND redis-14611.c92.us-east-1-3.ec2.cloud.redislabs.com
    at GetAddrInfoReqWrap.onlookupall [as oncomplete] (node:dns:122:26)
2026-07-17 23:18:53 [error]: Redis error: getaddrinfo ENOTFOUND redis-14611.c92.us-east-1-3.ec2.cloud.redislabs.com
Error: getaddrinfo ENOTFOUND redis-14611.c92.us-east-1-3.ec2.cloud.redislabs.com
    at GetAddrInfoReqWrap.onlookupall [as oncomplete] (node:dns:122:26)
2026-07-17 23:18:55 [error]: Redis error: getaddrinfo ENOTFOUND redis-14611.c92.us-east-1-3.ec2.cloud.redislabs.com
Error: getaddrinfo ENOTFOUND redis-14611.c92.us-east-1-3.ec2.cloud.redislabs.com
    at GetAddrInfoReqWrap.onlookupall [as oncomplete] (node:dns:122:26)
2026-07-17 23:18:57 [error]: Redis error: getaddrinfo ENOTFOUND redis-14611.c92.us-east-1-3.ec2.cloud.redislabs.com
Error: getaddrinfo ENOTFOUND redis-14611.c92.us-east-1-3.ec2.cloud.redislabs.com
    at GetAddrInfoReqWrap.onlookupall [as oncomplete] (node:dns:122:26)
2026-07-17 23:18:59 [error]: Redis error: getaddrinfo ENOTFOUND redis-14611.c92.us-east-1-3.ec2.cloud.redislabs.com
Error: getaddrinfo ENOTFOUND redis-14611.c92.us-east-1-3.ec2.cloud.redislabs.com
    at GetAddrInfoReqWrap.onlookupall [as oncomplete] (node:dns:122:26)
2026-07-17 23:19:01 [error]: Redis error: getaddrinfo ENOTFOUND redis-14611.c92.us-east-1-3.ec2.cloud.redislabs.com
Error: getaddrinfo ENOTFOUND redis-14611.c92.us-east-1-3.ec2.cloud.redislabs.com
    at GetAddrInfoReqWrap.onlookupall [as oncomplete] (node:dns:122:26)
2026-07-17 23:19:03 [error]: Redis error: getaddrinfo ENOTFOUND redis-14611.c92.us-east-1-3.ec2.cloud.redislabs.com
Error: getaddrinfo ENOTFOUND redis-14611.c92.us-east-1-3.ec2.cloud.redislabs.com
    at GetAddrInfoReqWrap.onlookupall [as oncomplete] (node:dns:122:26)
2026-07-17 23:19:05 [error]: Redis error: getaddrinfo ENOTFOUND redis-14611.c92.us-east-1-3.ec2.cloud.redislabs.com
Error: getaddrinfo ENOTFOUND redis-14611.c92.us-east-1-3.ec2.cloud.redislabs.com
    at GetAddrInfoReqWrap.onlookupall [as oncomplete] (node:dns:122:26)
2026-07-17 23:19:07 [error]: Redis error: getaddrinfo ENOTFOUND redis-14611.c92.us-east-1-3.ec2.cloud.redislabs.com
Error: getaddrinfo ENOTFOUND redis-14611.c92.us-east-1-3.ec2.cloud.redislabs.com
    at GetAddrInfoReqWrap.onlookupall [as oncomplete] (node:dns:122:26)
2026-07-17 23:19:09 [error]: Redis error: getaddrinfo ENOTFOUND redis-14611.c92.us-east-1-3.ec2.cloud.redislabs.com
Error: getaddrinfo ENOTFOUND redis-14611.c92.us-east-1-3.ec2.cloud.redislabs.com
    at GetAddrInfoReqWrap.onlookupall [as oncomplete] (node:dns:122:26)
2026-07-17 23:19:11 [error]: Redis error: getaddrinfo ENOTFOUND redis-14611.c92.us-east-1-3.ec2.cloud.redislabs.com
Error: getaddrinfo ENOTFOUND redis-14611.c92.us-east-1-3.ec2.cloud.redislabs.com
    at GetAddrInfoReqWrap.onlookupall [as oncomplete] (node:dns:122:26)
2026-07-17 23:19:13 [error]: Redis error: getaddrinfo ENOTFOUND redis-14611.c92.us-east-1-3.ec2.cloud.redislabs.com
Error: getaddrinfo ENOTFOUND redis-14611.c92.us-east-1-3.ec2.cloud.redislabs.com
    at GetAddrInfoReqWrap.onlookupall [as oncomplete] (node:dns:122:26)
2026-07-17 23:19:15 [error]: Redis error: getaddrinfo ENOTFOUND redis-14611.c92.us-east-1-3.ec2.cloud.redislabs.com
Error: getaddrinfo ENOTFOUND redis-14611.c92.us-east-1-3.ec2.cloud.redislabs.com
    at GetAddrInfoReqWrap.onlookupall [as oncomplete] (node:dns:122:26)
2026-07-17 23:19:17 [error]: Redis error: getaddrinfo ENOTFOUND redis-14611.c92.us-east-1-3.ec2.cloud.redislabs.com
Error: getaddrinfo ENOTFOUND redis-14611.c92.us-east-1-3.ec2.cloud.redislabs.com
    at GetAddrInfoReqWrap.onlookupall [as oncomplete] (node:dns:122:26)
2026-07-17 23:19:19 [error]: Redis error: getaddrinfo ENOTFOUND redis-14611.c92.us-east-1-3.ec2.cloud.redislabs.com
Error: getaddrinfo ENOTFOUND redis-14611.c92.us-east-1-3.ec2.cloud.redislabs.com
    at GetAddrInfoReqWrap.onlookupall [as oncomplete] (node:dns:122:26)
2026-07-17 23:19:21 [error]: Redis error: getaddrinfo ENOTFOUND redis-14611.c92.us-east-1-3.ec2.cloud.redislabs.com
Error: getaddrinfo ENOTFOUND redis-14611.c92.us-east-1-3.ec2.cloud.redislabs.com
    at GetAddrInfoReqWrap.onlookupall [as oncomplete] (node:dns:122:26)
2026-07-17 23:19:23 [error]: Redis error: getaddrinfo ENOTFOUND redis-14611.c92.us-east-1-3.ec2.cloud.redislabs.com
Error: getaddrinfo ENOTFOUND redis-14611.c92.us-east-1-3.ec2.cloud.redislabs.com
    at GetAddrInfoReqWrap.onlookupall [as oncomplete] (node:dns:122:26)
2026-07-17 23:19:25 [error]: Redis error: getaddrinfo ENOTFOUND redis-14611.c92.us-east-1-3.ec2.cloud.redislabs.com
Error: getaddrinfo ENOTFOUND redis-14611.c92.us-east-1-3.ec2.cloud.redislabs.com
    at GetAddrInfoReqWrap.onlookupall [as oncomplete] (node:dns:122:26)
2026-07-17 23:19:27 [error]: Redis error: getaddrinfo ENOTFOUND redis-14611.c92.us-east-1-3.ec2.cloud.redislabs.com
Error: getaddrinfo ENOTFOUND redis-14611.c92.us-east-1-3.ec2.cloud.redislabs.com
    at GetAddrInfoReqWrap.onlookupall [as oncomplete] (node:dns:122:26)
2026-07-17 23:19:29 [error]: Redis error: getaddrinfo ENOTFOUND redis-14611.c92.us-east-1-3.ec2.cloud.redislabs.com
Error: getaddrinfo ENOTFOUND redis-14611.c92.us-east-1-3.ec2.cloud.redislabs.com
    at GetAddrInfoReqWrap.onlookupall [as oncomplete] (node:dns:122:26)
2026-07-17 23:19:31 [error]: Redis error: getaddrinfo ENOTFOUND redis-14611.c92.us-east-1-3.ec2.cloud.redislabs.com
Error: getaddrinfo ENOTFOUND redis-14611.c92.us-east-1-3.ec2.cloud.redislabs.com
    at GetAddrInfoReqWrap.onlookupall [as oncomplete] (node:dns:122:26)
2026-07-17 23:19:33 [error]: Redis error: getaddrinfo ENOTFOUND redis-14611.c92.us-east-1-3.ec2.cloud.redislabs.com
Error: getaddrinfo ENOTFOUND redis-14611.c92.us-east-1-3.ec2.cloud.redislabs.com
    at GetAddrInfoReqWrap.onlookupall [as oncomplete] (node:dns:122:26)
2026-07-17 23:19:35 [error]: Redis error: getaddrinfo ENOTFOUND redis-14611.c92.us-east-1-3.ec2.cloud.redislabs.com
Error: getaddrinfo ENOTFOUND redis-14611.c92.us-east-1-3.ec2.cloud.redislabs.com
    at GetAddrInfoReqWrap.onlookupall [as oncomplete] (node:dns:122:26)
2026-07-17 23:19:37 [error]: Redis error: getaddrinfo ENOTFOUND redis-14611.c92.us-east-1-3.ec2.cloud.redislabs.com
Error: getaddrinfo ENOTFOUND redis-14611.c92.us-east-1-3.ec2.cloud.redislabs.com
    at GetAddrInfoReqWrap.onlookupall [as oncomplete] (node:dns:122:26)
2026-07-17 23:19:39 [error]: Redis error: getaddrinfo ENOTFOUND redis-14611.c92.us-east-1-3.ec2.cloud.redislabs.com
Error: getaddrinfo ENOTFOUND redis-14611.c92.us-east-1-3.ec2.cloud.redislabs.com
    at GetAddrInfoReqWrap.onlookupall [as oncomplete] (node:dns:122:26)
2026-07-17 23:19:41 [error]: Redis error: getaddrinfo ENOTFOUND redis-14611.c92.us-east-1-3.ec2.cloud.redislabs.com
Error: getaddrinfo ENOTFOUND redis-14611.c92.us-east-1-3.ec2.cloud.redislabs.com
    at GetAddrInfoReqWrap.onlookupall [as oncomplete] (node:dns:122:26)
2026-07-17 23:19:43 [error]: Redis error: getaddrinfo ENOTFOUND redis-14611.c92.us-east-1-3.ec2.cloud.redislabs.com
Error: getaddrinfo ENOTFOUND redis-14611.c92.us-east-1-3.ec2.cloud.redislabs.com
    at GetAddrInfoReqWrap.onlookupall [as oncomplete] (node:dns:122:26)
2026-07-17 23:19:45 [error]: Redis error: getaddrinfo ENOTFOUND redis-14611.c92.us-east-1-3.ec2.cloud.redislabs.com
Error: getaddrinfo ENOTFOUND redis-14611.c92.us-east-1-3.ec2.cloud.redislabs.com
    at GetAddrInfoReqWrap.onlookupall [as oncomplete] (node:dns:122:26)
2026-07-17 23:19:47 [error]: Redis error: getaddrinfo ENOTFOUND redis-14611.c92.us-east-1-3.ec2.cloud.redislabs.com
Error: getaddrinfo ENOTFOUND redis-14611.c92.us-east-1-3.ec2.cloud.redislabs.com
    at GetAddrInfoReqWrap.onlookupall [as oncomplete] (node:dns:122:26)
2026-07-17 23:19:49 [error]: Redis error: getaddrinfo ENOTFOUND redis-14611.c92.us-east-1-3.ec2.cloud.redislabs.com
Error: getaddrinfo ENOTFOUND redis-14611.c92.us-east-1-3.ec2.cloud.redislabs.com
    at GetAddrInfoReqWrap.onlookupall [as oncomplete] (node:dns:122:26)
2026-07-17 23:19:51 [error]: Redis error: getaddrinfo ENOTFOUND redis-14611.c92.us-east-1-3.ec2.cloud.redislabs.com
Error: getaddrinfo ENOTFOUND redis-14611.c92.us-east-1-3.ec2.cloud.redislabs.com
    at GetAddrInfoReqWrap.onlookupall [as oncomplete] (node:dns:122:26)
2026-07-17 23:19:53 [error]: Redis error: getaddrinfo ENOTFOUND redis-14611.c92.us-east-1-3.ec2.cloud.redislabs.com
Error: getaddrinfo ENOTFOUND redis-14611.c92.us-east-1-3.ec2.cloud.redislabs.com
    at GetAddrInfoReqWrap.onlookupall [as oncomplete] (node:dns:122:26)
2026-07-17 23:19:55 [error]: Redis error: getaddrinfo ENOTFOUND redis-14611.c92.us-east-1-3.ec2.cloud.redislabs.com
Error: getaddrinfo ENOTFOUND redis-14611.c92.us-east-1-3.ec2.cloud.redislabs.com
    at GetAddrInfoReqWrap.onlookupall [as oncomplete] (node:dns:122:26)
2026-07-17 23:19:57 [error]: Redis error: getaddrinfo ENOTFOUND redis-14611.c92.us-east-1-3.ec2.cloud.redislabs.com
Error: getaddrinfo ENOTFOUND redis-14611.c92.us-east-1-3.ec2.cloud.redislabs.com
    at GetAddrInfoReqWrap.onlookupall [as oncomplete] (node:dns:122:26)
2026-07-17 23:19:59 [error]: Redis error: getaddrinfo ENOTFOUND redis-14611.c92.us-east-1-3.ec2.cloud.redislabs.com
Error: getaddrinfo ENOTFOUND redis-14611.c92.us-east-1-3.ec2.cloud.redislabs.com
    at GetAddrInfoReqWrap.onlookupall [as oncomplete] (node:dns:122:26)
2026-07-17 23:20:01 [error]: Redis error: getaddrinfo ENOTFOUND redis-14611.c92.us-east-1-3.ec2.cloud.redislabs.com
Error: getaddrinfo ENOTFOUND redis-14611.c92.us-east-1-3.ec2.cloud.redislabs.com
    at GetAddrInfoReqWrap.onlookupall [as oncomplete] (node:dns:122:26)
2026-07-17 23:20:03 [error]: Redis error: getaddrinfo ENOTFOUND redis-14611.c92.us-east-1-3.ec2.cloud.redislabs.com
Error: getaddrinfo ENOTFOUND redis-14611.c92.us-east-1-3.ec2.cloud.redislabs.com
    at GetAddrInfoReqWrap.onlookupall [as oncomplete] (node:dns:122:26)
2026-07-17 23:20:05 [error]: Redis error: getaddrinfo ENOTFOUND redis-14611.c92.us-east-1-3.ec2.cloud.redislabs.com
Error: getaddrinfo ENOTFOUND redis-14611.c92.us-east-1-3.ec2.cloud.redislabs.com
    at GetAddrInfoReqWrap.onlookupall [as oncomplete] (node:dns:122:26)
2026-07-17 23:20:07 [error]: Redis error: getaddrinfo ENOTFOUND redis-14611.c92.us-east-1-3.ec2.cloud.redislabs.com
Error: getaddrinfo ENOTFOUND redis-14611.c92.us-east-1-3.ec2.cloud.redislabs.com
    at GetAddrInfoReqWrap.onlookupall [as oncomplete] (node:dns:122:26)
2026-07-17 23:20:09 [error]: Redis error: getaddrinfo ENOTFOUND redis-14611.c92.us-east-1-3.ec2.cloud.redislabs.com
Error: getaddrinfo ENOTFOUND redis-14611.c92.us-east-1-3.ec2.cloud.redislabs.com
    at GetAddrInfoReqWrap.onlookupall [as oncomplete] (node:dns:122:26)
2026-07-17 23:20:11 [error]: Redis error: getaddrinfo ENOTFOUND redis-14611.c92.us-east-1-3.ec2.cloud.redislabs.com
Error: getaddrinfo ENOTFOUND redis-14611.c92.us-east-1-3.ec2.cloud.redislabs.com
    at GetAddrInfoReqWrap.onlookupall [as oncomplete] (node:dns:122:26)
2026-07-17 23:20:13 [error]: Redis error: getaddrinfo ENOTFOUND redis-14611.c92.us-east-1-3.ec2.cloud.redislabs.com
Error: getaddrinfo ENOTFOUND redis-14611.c92.us-east-1-3.ec2.cloud.redislabs.com
    at GetAddrInfoReqWrap.onlookupall [as oncomplete] (node:dns:122:26)
2026-07-17 23:20:15 [error]: Redis error: getaddrinfo ENOTFOUND redis-14611.c92.us-east-1-3.ec2.cloud.redislabs.com
Error: getaddrinfo ENOTFOUND redis-14611.c92.us-east-1-3.ec2.cloud.redislabs.com
    at GetAddrInfoReqWrap.onlookupall [as oncomplete] (node:dns:122:26)
2026-07-17 23:20:17 [error]: Redis error: getaddrinfo ENOTFOUND redis-14611.c92.us-east-1-3.ec2.cloud.redislabs.com
Error: getaddrinfo ENOTFOUND redis-14611.c92.us-east-1-3.ec2.cloud.redislabs.com
    at GetAddrInfoReqWrap.onlookupall [as oncomplete] (node:dns:122:26)
2026-07-17 23:20:19 [error]: Redis error: getaddrinfo ENOTFOUND redis-14611.c92.us-east-1-3.ec2.cloud.redislabs.com
Error: getaddrinfo ENOTFOUND redis-14611.c92.us-east-1-3.ec2.cloud.redislabs.com
    at GetAddrInfoReqWrap.onlookupall [as oncomplete] (node:dns:122:26)
2026-07-17 23:20:21 [error]: Redis error: getaddrinfo ENOTFOUND redis-14611.c92.us-east-1-3.ec2.cloud.redislabs.com
Error: getaddrinfo ENOTFOUND redis-14611.c92.us-east-1-3.ec2.cloud.redislabs.com
    at GetAddrInfoReqWrap.onlookupall [as oncomplete] (node:dns:122:26)
2026-07-17 23:20:23 [error]: Redis error: getaddrinfo ENOTFOUND redis-14611.c92.us-east-1-3.ec2.cloud.redislabs.com
Error: getaddrinfo ENOTFOUND redis-14611.c92.us-east-1-3.ec2.cloud.redislabs.com
    at GetAddrInfoReqWrap.onlookupall [as oncomplete] (node:dns:122:26)
2026-07-17 23:20:25 [error]: Redis error: getaddrinfo ENOTFOUND redis-14611.c92.us-east-1-3.ec2.cloud.redislabs.com
Error: getaddrinfo ENOTFOUND redis-14611.c92.us-east-1-3.ec2.cloud.redislabs.com
    at GetAddrInfoReqWrap.onlookupall [as oncomplete] (node:dns:122:26)
2026-07-17 23:20:27 [error]: Redis error: getaddrinfo ENOTFOUND redis-14611.c92.us-east-1-3.ec2.cloud.redislabs.com
Error: getaddrinfo ENOTFOUND redis-14611.c92.us-east-1-3.ec2.cloud.redislabs.com
    at GetAddrInfoReqWrap.onlookupall [as oncomplete] (node:dns:122:26)
2026-07-17 23:20:29 [error]: Redis error: getaddrinfo ENOTFOUND redis-14611.c92.us-east-1-3.ec2.cloud.redislabs.com
Error: getaddrinfo ENOTFOUND redis-14611.c92.us-east-1-3.ec2.cloud.redislabs.com
    at GetAddrInfoReqWrap.onlookupall [as oncomplete] (node:dns:122:26)
2026-07-17 23:20:31 [error]: Redis error: getaddrinfo ENOTFOUND redis-14611.c92.us-east-1-3.ec2.cloud.redislabs.com
Error: getaddrinfo ENOTFOUND redis-14611.c92.us-east-1-3.ec2.cloud.redislabs.com
    at GetAddrInfoReqWrap.onlookupall [as oncomplete] (node:dns:122:26)
2026-07-17 23:20:33 [error]: Redis error: getaddrinfo ENOTFOUND redis-14611.c92.us-east-1-3.ec2.cloud.redislabs.com
Error: getaddrinfo ENOTFOUND redis-14611.c92.us-east-1-3.ec2.cloud.redislabs.com
    at GetAddrInfoReqWrap.onlookupall [as oncomplete] (node:dns:122:26)
2026-07-17 23:20:35 [error]: Redis error: getaddrinfo ENOTFOUND redis-14611.c92.us-east-1-3.ec2.cloud.redislabs.com
Error: getaddrinfo ENOTFOUND redis-14611.c92.us-east-1-3.ec2.cloud.redislabs.com
    at GetAddrInfoReqWrap.onlookupall [as oncomplete] (node:dns:122:26)
2026-07-17 23:20:37 [error]: Redis error: getaddrinfo ENOTFOUND redis-14611.c92.us-east-1-3.ec2.cloud.redislabs.com
Error: getaddrinfo ENOTFOUND redis-14611.c92.us-east-1-3.ec2.cloud.redislabs.com
    at GetAddrInfoReqWrap.onlookupall [as oncomplete] (node:dns:122:26)
2026-07-17 23:20:40 [error]: Redis error: getaddrinfo ENOTFOUND redis-14611.c92.us-east-1-3.ec2.cloud.redislabs.com
Error: getaddrinfo ENOTFOUND redis-14611.c92.us-east-1-3.ec2.cloud.redislabs.com
    at GetAddrInfoReqWrap.onlookupall [as oncomplete] (node:dns:122:26)
2026-07-17 23:20:42 [error]: Redis error: getaddrinfo ENOTFOUND redis-14611.c92.us-east-1-3.ec2.cloud.redislabs.com
Error: getaddrinfo ENOTFOUND redis-14611.c92.us-east-1-3.ec2.cloud.redislabs.com
    at GetAddrInfoReqWrap.onlookupall [as oncomplete] (node:dns:122:26)
2026-07-17 23:20:44 [error]: Redis error: getaddrinfo ENOTFOUND redis-14611.c92.us-east-1-3.ec2.cloud.redislabs.com
Error: getaddrinfo ENOTFOUND redis-14611.c92.us-east-1-3.ec2.cloud.redislabs.com
    at GetAddrInfoReqWrap.onlookupall [as oncomplete] (node:dns:122:26)
2026-07-17 23:20:46 [error]: Redis error: getaddrinfo ENOTFOUND redis-14611.c92.us-east-1-3.ec2.cloud.redislabs.com
Error: getaddrinfo ENOTFOUND redis-14611.c92.us-east-1-3.ec2.cloud.redislabs.com
    at GetAddrInfoReqWrap.onlookupall [as oncomplete] (node:dns:122:26)
2026-07-17 23:20:48 [error]: Redis error: getaddrinfo ENOTFOUND redis-14611.c92.us-east-1-3.ec2.cloud.redislabs.com
Error: getaddrinfo ENOTFOUND redis-14611.c92.us-east-1-3.ec2.cloud.redislabs.com
    at GetAddrInfoReqWrap.onlookupall [as oncomplete] (node:dns:122:26)
2026-07-17 23:20:50 [error]: Redis error: getaddrinfo ENOTFOUND redis-14611.c92.us-east-1-3.ec2.cloud.redislabs.com
Error: getaddrinfo ENOTFOUND redis-14611.c92.us-east-1-3.ec2.cloud.redislabs.com
    at GetAddrInfoReqWrap.onlookupall [as oncomplete] (node:dns:122:26)
2026-07-17 23:20:52 [error]: Redis error: getaddrinfo ENOTFOUND redis-14611.c92.us-east-1-3.ec2.cloud.redislabs.com
Error: getaddrinfo ENOTFOUND redis-14611.c92.us-east-1-3.ec2.cloud.redislabs.com
    at GetAddrInfoReqWrap.onlookupall [as oncomplete] (node:dns:122:26)
2026-07-17 23:20:54 [error]: Redis error: getaddrinfo ENOTFOUND redis-14611.c92.us-east-1-3.ec2.cloud.redislabs.com
Error: getaddrinfo ENOTFOUND redis-14611.c92.us-east-1-3.ec2.cloud.redislabs.com
    at GetAddrInfoReqWrap.onlookupall [as oncomplete] (node:dns:122:26)
2026-07-17 23:20:56 [error]: Redis error: getaddrinfo ENOTFOUND redis-14611.c92.us-east-1-3.ec2.cloud.redislabs.com
Error: getaddrinfo ENOTFOUND redis-14611.c92.us-east-1-3.ec2.cloud.redislabs.com
    at GetAddrInfoReqWrap.onlookupall [as oncomplete] (node:dns:122:26)
2026-07-17 23:20:58 [error]: Redis error: getaddrinfo ENOTFOUND redis-14611.c92.us-east-1-3.ec2.cloud.redislabs.com
Error: getaddrinfo ENOTFOUND redis-14611.c92.us-east-1-3.ec2.cloud.redislabs.com
    at GetAddrInfoReqWrap.onlookupall [as oncomplete] (node:dns:122:26)
2026-07-17 23:21:00 [error]: Redis error: getaddrinfo ENOTFOUND redis-14611.c92.us-east-1-3.ec2.cloud.redislabs.com
Error: getaddrinfo ENOTFOUND redis-14611.c92.us-east-1-3.ec2.cloud.redislabs.com
    at GetAddrInfoReqWrap.onlookupall [as oncomplete] (node:dns:122:26)
2026-07-17 23:21:02 [error]: Redis error: getaddrinfo ENOTFOUND redis-14611.c92.us-east-1-3.ec2.cloud.redislabs.com
Error: getaddrinfo ENOTFOUND redis-14611.c92.us-east-1-3.ec2.cloud.redislabs.com
    at GetAddrInfoReqWrap.onlookupall [as oncomplete] (node:dns:122:26)
2026-07-17 23:21:04 [error]: Redis error: getaddrinfo ENOTFOUND redis-14611.c92.us-east-1-3.ec2.cloud.redislabs.com
Error: getaddrinfo ENOTFOUND redis-14611.c92.us-east-1-3.ec2.cloud.redislabs.com
    at GetAddrInfoReqWrap.onlookupall [as oncomplete] (node:dns:122:26)
2026-07-17 23:21:06 [error]: Redis error: getaddrinfo ENOTFOUND redis-14611.c92.us-east-1-3.ec2.cloud.redislabs.com
Error: getaddrinfo ENOTFOUND redis-14611.c92.us-east-1-3.ec2.cloud.redislabs.com
    at GetAddrInfoReqWrap.onlookupall [as oncomplete] (node:dns:122:26)
2026-07-17 23:21:08 [error]: Redis error: getaddrinfo ENOTFOUND redis-14611.c92.us-east-1-3.ec2.cloud.redislabs.com
Error: getaddrinfo ENOTFOUND redis-14611.c92.us-east-1-3.ec2.cloud.redislabs.com
    at GetAddrInfoReqWrap.onlookupall [as oncomplete] (node:dns:122:26)
2026-07-17 23:21:10 [error]: Redis error: getaddrinfo ENOTFOUND redis-14611.c92.us-east-1-3.ec2.cloud.redislabs.com
Error: getaddrinfo ENOTFOUND redis-14611.c92.us-east-1-3.ec2.cloud.redislabs.com
    at GetAddrInfoReqWrap.onlookupall [as oncomplete] (node:dns:122:26)
2026-07-17 23:21:12 [error]: Redis error: getaddrinfo ENOTFOUND redis-14611.c92.us-east-1-3.ec2.cloud.redislabs.com
Error: getaddrinfo ENOTFOUND redis-14611.c92.us-east-1-3.ec2.cloud.redislabs.com
    at GetAddrInfoReqWrap.onlookupall [as oncomplete] (node:dns:122:26)
2026-07-17 23:21:14 [error]: Redis error: getaddrinfo ENOTFOUND redis-14611.c92.us-east-1-3.ec2.cloud.redislabs.com
Error: getaddrinfo ENOTFOUND redis-14611.c92.us-east-1-3.ec2.cloud.redislabs.com
    at GetAddrInfoReqWrap.onlookupall [as oncomplete] (node:dns:122:26)
2026-07-17 23:21:16 [error]: Redis error: getaddrinfo ENOTFOUND redis-14611.c92.us-east-1-3.ec2.cloud.redislabs.com
Error: getaddrinfo ENOTFOUND redis-14611.c92.us-east-1-3.ec2.cloud.redislabs.com
    at GetAddrInfoReqWrap.onlookupall [as oncomplete] (node:dns:122:26)
2026-07-17 23:21:18 [error]: Redis error: getaddrinfo ENOTFOUND redis-14611.c92.us-east-1-3.ec2.cloud.redislabs.com
Error: getaddrinfo ENOTFOUND redis-14611.c92.us-east-1-3.ec2.cloud.redislabs.com
    at GetAddrInfoReqWrap.onlookupall [as oncomplete] (node:dns:122:26)
2026-07-17 23:21:20 [error]: Redis error: getaddrinfo ENOTFOUND redis-14611.c92.us-east-1-3.ec2.cloud.redislabs.com
Error: getaddrinfo ENOTFOUND redis-14611.c92.us-east-1-3.ec2.cloud.redislabs.com
    at GetAddrInfoReqWrap.onlookupall [as oncomplete] (node:dns:122:26)
2026-07-17 23:21:22 [error]: Redis error: getaddrinfo ENOTFOUND redis-14611.c92.us-east-1-3.ec2.cloud.redislabs.com
Error: getaddrinfo ENOTFOUND redis-14611.c92.us-east-1-3.ec2.cloud.redislabs.com
    at GetAddrInfoReqWrap.onlookupall [as oncomplete] (node:dns:122:26)
2026-07-17 23:21:24 [error]: Redis error: getaddrinfo ENOTFOUND redis-14611.c92.us-east-1-3.ec2.cloud.redislabs.com
Error: getaddrinfo ENOTFOUND redis-14611.c92.us-east-1-3.ec2.cloud.redislabs.com
    at GetAddrInfoReqWrap.onlookupall [as oncomplete] (node:dns:122:26)
2026-07-17 23:21:26 [error]: Redis error: getaddrinfo ENOTFOUND redis-14611.c92.us-east-1-3.ec2.cloud.redislabs.com
Error: getaddrinfo ENOTFOUND redis-14611.c92.us-east-1-3.ec2.cloud.redislabs.com
    at GetAddrInfoReqWrap.onlookupall [as oncomplete] (node:dns:122:26)
2026-07-17 23:21:28 [error]: Redis error: getaddrinfo ENOTFOUND redis-14611.c92.us-east-1-3.ec2.cloud.redislabs.com
Error: getaddrinfo ENOTFOUND redis-14611.c92.us-east-1-3.ec2.cloud.redislabs.com
    at GetAddrInfoReqWrap.onlookupall [as oncomplete] (node:dns:122:26)
2026-07-17 23:21:30 [error]: Redis error: getaddrinfo ENOTFOUND redis-14611.c92.us-east-1-3.ec2.cloud.redislabs.com
Error: getaddrinfo ENOTFOUND redis-14611.c92.us-east-1-3.ec2.cloud.redislabs.com
    at GetAddrInfoReqWrap.onlookupall [as oncomplete] (node:dns:122:26)
2026-07-17 23:21:32 [error]: Redis error: getaddrinfo ENOTFOUND redis-14611.c92.us-east-1-3.ec2.cloud.redislabs.com
Error: getaddrinfo ENOTFOUND redis-14611.c92.us-east-1-3.ec2.cloud.redislabs.com
    at GetAddrInfoReqWrap.onlookupall [as oncomplete] (node:dns:122:26)
2026-07-17 23:21:34 [error]: Redis error: getaddrinfo ENOTFOUND redis-14611.c92.us-east-1-3.ec2.cloud.redislabs.com
Error: getaddrinfo ENOTFOUND redis-14611.c92.us-east-1-3.ec2.cloud.redislabs.com
    at GetAddrInfoReqWrap.onlookupall [as oncomplete] (node:dns:122:26)
2026-07-17 23:21:36 [error]: Redis error: getaddrinfo ENOTFOUND redis-14611.c92.us-east-1-3.ec2.cloud.redislabs.com
Error: getaddrinfo ENOTFOUND redis-14611.c92.us-east-1-3.ec2.cloud.redislabs.com
    at GetAddrInfoReqWrap.onlookupall [as oncomplete] (node:dns:122:26)
2026-07-17 23:21:38 [error]: Redis error: getaddrinfo ENOTFOUND redis-14611.c92.us-east-1-3.ec2.cloud.redislabs.com
Error: getaddrinfo ENOTFOUND redis-14611.c92.us-east-1-3.ec2.cloud.redislabs.com
    at GetAddrInfoReqWrap.onlookupall [as oncomplete] (node:dns:122:26)
2026-07-17 23:21:40 [error]: Redis error: getaddrinfo ENOTFOUND redis-14611.c92.us-east-1-3.ec2.cloud.redislabs.com
Error: getaddrinfo ENOTFOUND redis-14611.c92.us-east-1-3.ec2.cloud.redislabs.com
    at GetAddrInfoReqWrap.onlookupall [as oncomplete] (node:dns:122:26)
2026-07-17 23:21:42 [error]: Redis error: getaddrinfo ENOTFOUND redis-14611.c92.us-east-1-3.ec2.cloud.redislabs.com
Error: getaddrinfo ENOTFOUND redis-14611.c92.us-east-1-3.ec2.cloud.redislabs.com
    at GetAddrInfoReqWrap.onlookupall [as oncomplete] (node:dns:122:26)
2026-07-17 23:21:44 [error]: Redis error: getaddrinfo ENOTFOUND redis-14611.c92.us-east-1-3.ec2.cloud.redislabs.com
Error: getaddrinfo ENOTFOUND redis-14611.c92.us-east-1-3.ec2.cloud.redislabs.com
    at GetAddrInfoReqWrap.onlookupall [as oncomplete] (node:dns:122:26)
2026-07-17 23:21:46 [error]: Redis error: getaddrinfo ENOTFOUND redis-14611.c92.us-east-1-3.ec2.cloud.redislabs.com
Error: getaddrinfo ENOTFOUND redis-14611.c92.us-east-1-3.ec2.cloud.redislabs.com
    at GetAddrInfoReqWrap.onlookupall [as oncomplete] (node:dns:122:26)
2026-07-17 23:21:48 [error]: Redis error: getaddrinfo ENOTFOUND redis-14611.c92.us-east-1-3.ec2.cloud.redislabs.com
Error: getaddrinfo ENOTFOUND redis-14611.c92.us-east-1-3.ec2.cloud.redislabs.com
    at GetAddrInfoReqWrap.onlookupall [as oncomplete] (node:dns:122:26)
2026-07-17 23:21:50 [error]: Redis error: getaddrinfo ENOTFOUND redis-14611.c92.us-east-1-3.ec2.cloud.redislabs.com
Error: getaddrinfo ENOTFOUND redis-14611.c92.us-east-1-3.ec2.cloud.redislabs.com
    at GetAddrInfoReqWrap.onlookupall [as oncomplete] (node:dns:122:26)
2026-07-17 23:21:52 [error]: Redis error: getaddrinfo ENOTFOUND redis-14611.c92.us-east-1-3.ec2.cloud.redislabs.com
Error: getaddrinfo ENOTFOUND redis-14611.c92.us-east-1-3.ec2.cloud.redislabs.com
    at GetAddrInfoReqWrap.onlookupall [as oncomplete] (node:dns:122:26)
2026-07-17 23:21:54 [error]: Redis error: getaddrinfo ENOTFOUND redis-14611.c92.us-east-1-3.ec2.cloud.redislabs.com
Error: getaddrinfo ENOTFOUND redis-14611.c92.us-east-1-3.ec2.cloud.redislabs.com
    at GetAddrInfoReqWrap.onlookupall [as oncomplete] (node:dns:122:26)
2026-07-17 23:21:56 [error]: Redis error: getaddrinfo ENOTFOUND redis-14611.c92.us-east-1-3.ec2.cloud.redislabs.com
Error: getaddrinfo ENOTFOUND redis-14611.c92.us-east-1-3.ec2.cloud.redislabs.com
    at GetAddrInfoReqWrap.onlookupall [as oncomplete] (node:dns:122:26)
2026-07-17 23:21:58 [error]: Redis error: getaddrinfo ENOTFOUND redis-14611.c92.us-east-1-3.ec2.cloud.redislabs.com
Error: getaddrinfo ENOTFOUND redis-14611.c92.us-east-1-3.ec2.cloud.redislabs.com
    at GetAddrInfoReqWrap.onlookupall [as oncomplete] (node:dns:122:26)
2026-07-17 23:22:00 [error]: Redis error: getaddrinfo ENOTFOUND redis-14611.c92.us-east-1-3.ec2.cloud.redislabs.com
Error: getaddrinfo ENOTFOUND redis-14611.c92.us-east-1-3.ec2.cloud.redislabs.com
    at GetAddrInfoReqWrap.onlookupall [as oncomplete] (node:dns:122:26)
2026-07-17 23:22:02 [error]: Redis error: getaddrinfo ENOTFOUND redis-14611.c92.us-east-1-3.ec2.cloud.redislabs.com
Error: getaddrinfo ENOTFOUND redis-14611.c92.us-east-1-3.ec2.cloud.redislabs.com
    at GetAddrInfoReqWrap.onlookupall [as oncomplete] (node:dns:122:26)
2026-07-17 23:22:04 [error]: Redis error: getaddrinfo ENOTFOUND redis-14611.c92.us-east-1-3.ec2.cloud.redislabs.com
Error: getaddrinfo ENOTFOUND redis-14611.c92.us-east-1-3.ec2.cloud.redislabs.com
    at GetAddrInfoReqWrap.onlookupall [as oncomplete] (node:dns:122:26)
2026-07-17 23:22:06 [error]: Redis error: getaddrinfo ENOTFOUND redis-14611.c92.us-east-1-3.ec2.cloud.redislabs.com
Error: getaddrinfo ENOTFOUND redis-14611.c92.us-east-1-3.ec2.cloud.redislabs.com
    at GetAddrInfoReqWrap.onlookupall [as oncomplete] (node:dns:122:26)
2026-07-17 23:22:08 [error]: Redis error: getaddrinfo ENOTFOUND redis-14611.c92.us-east-1-3.ec2.cloud.redislabs.com
Error: getaddrinfo ENOTFOUND redis-14611.c92.us-east-1-3.ec2.cloud.redislabs.com
    at GetAddrInfoReqWrap.onlookupall [as oncomplete] (node:dns:122:26)
2026-07-17 23:22:10 [error]: Redis error: getaddrinfo ENOTFOUND redis-14611.c92.us-east-1-3.ec2.cloud.redislabs.com
Error: getaddrinfo ENOTFOUND redis-14611.c92.us-east-1-3.ec2.cloud.redislabs.com
    at GetAddrInfoReqWrap.onlookupall [as oncomplete] (node:dns:122:26)
2026-07-17 23:22:12 [error]: Redis error: getaddrinfo ENOTFOUND redis-14611.c92.us-east-1-3.ec2.cloud.redislabs.com
Error: getaddrinfo ENOTFOUND redis-14611.c92.us-east-1-3.ec2.cloud.redislabs.com
    at GetAddrInfoReqWrap.onlookupall [as oncomplete] (node:dns:122:26)
2026-07-17 23:22:14 [error]: Redis error: getaddrinfo ENOTFOUND redis-14611.c92.us-east-1-3.ec2.cloud.redislabs.com
Error: getaddrinfo ENOTFOUND redis-14611.c92.us-east-1-3.ec2.cloud.redislabs.com
    at GetAddrInfoReqWrap.onlookupall [as oncomplete] (node:dns:122:26)
2026-07-17 23:22:16 [error]: Redis error: getaddrinfo ENOTFOUND redis-14611.c92.us-east-1-3.ec2.cloud.redislabs.com
Error: getaddrinfo ENOTFOUND redis-14611.c92.us-east-1-3.ec2.cloud.redislabs.com
    at GetAddrInfoReqWrap.onlookupall [as oncomplete] (node:dns:122:26)
2026-07-17 23:22:18 [error]: Redis error: getaddrinfo ENOTFOUND redis-14611.c92.us-east-1-3.ec2.cloud.redislabs.com
Error: getaddrinfo ENOTFOUND redis-14611.c92.us-east-1-3.ec2.cloud.redislabs.com
    at GetAddrInfoReqWrap.onlookupall [as oncomplete] (node:dns:122:26)
2026-07-17 23:22:20 [error]: Redis error: getaddrinfo ENOTFOUND redis-14611.c92.us-east-1-3.ec2.cloud.redislabs.com
Error: getaddrinfo ENOTFOUND redis-14611.c92.us-east-1-3.ec2.cloud.redislabs.com
    at GetAddrInfoReqWrap.onlookupall [as oncomplete] (node:dns:122:26)
2026-07-17 23:22:22 [error]: Redis error: getaddrinfo ENOTFOUND redis-14611.c92.us-east-1-3.ec2.cloud.redislabs.com
Error: getaddrinfo ENOTFOUND redis-14611.c92.us-east-1-3.ec2.cloud.redislabs.com
    at GetAddrInfoReqWrap.onlookupall [as oncomplete] (node:dns:122:26)
2026-07-17 23:22:24 [error]: Redis error: getaddrinfo ENOTFOUND redis-14611.c92.us-east-1-3.ec2.cloud.redislabs.com
Error: getaddrinfo ENOTFOUND redis-14611.c92.us-east-1-3.ec2.cloud.redislabs.com
    at GetAddrInfoReqWrap.onlookupall [as oncomplete] (node:dns:122:26)
2026-07-17 23:22:26 [error]: Redis error: getaddrinfo ENOTFOUND redis-14611.c92.us-east-1-3.ec2.cloud.redislabs.com
Error: getaddrinfo ENOTFOUND redis-14611.c92.us-east-1-3.ec2.cloud.redislabs.com
    at GetAddrInfoReqWrap.onlookupall [as oncomplete] (node:dns:122:26)
2026-07-17 23:22:28 [error]: Redis error: getaddrinfo ENOTFOUND redis-14611.c92.us-east-1-3.ec2.cloud.redislabs.com
Error: getaddrinfo ENOTFOUND redis-14611.c92.us-east-1-3.ec2.cloud.redislabs.com
    at GetAddrInfoReqWrap.onlookupall [as oncomplete] (node:dns:122:26)
2026-07-17 23:22:30 [error]: Redis error: getaddrinfo ENOTFOUND redis-14611.c92.us-east-1-3.ec2.cloud.redislabs.com
Error: getaddrinfo ENOTFOUND redis-14611.c92.us-east-1-3.ec2.cloud.redislabs.com
    at GetAddrInfoReqWrap.onlookupall [as oncomplete] (node:dns:122:26)
2026-07-17 23:22:32 [error]: Redis error: getaddrinfo ENOTFOUND redis-14611.c92.us-east-1-3.ec2.cloud.redislabs.com
Error: getaddrinfo ENOTFOUND redis-14611.c92.us-east-1-3.ec2.cloud.redislabs.com
    at GetAddrInfoReqWrap.onlookupall [as oncomplete] (node:dns:122:26)
2026-07-17 23:31:51 [error]: [POST] /api/syllabus/generate/text → Failed to generate explanation.
2026-07-17 23:32:18 [error]: [POST] /api/syllabus/generate/video → Failed to fetch YouTube videos.
2026-07-17 23:39:24 [error]: [POST] /api/syllabus/generate/text → Failed to generate explanation.
2026-07-17 23:47:38 [error]: [POST] /api/syllabus/generate/text → Failed to generate explanation.
2026-07-20 22:22:59 [error]: [POST] /api/syllabus/generate/video → Failed to fetch YouTube videos.
2026-07-20 22:23:53 [error]: [POST] /api/syllabus/generate/video → Failed to fetch YouTube videos.
2026-07-20 22:24:04 [error]: [GET] /api/syllabus/generate/ → Syllabus not found.
2026-07-20 22:24:11 [error]: [GET] /api/syllabus/generate/ → Syllabus not found.
2026-07-20 22:25:23 [error]: [PUT] /api/syllabus/7d56802d-1d2f-4263-ac93-c933b69d1e21 → Content is required.
2026-07-20 22:29:17 [error]: [POST] /api/syllabus/generate/video → Topic is required.
2026-07-20 22:29:33 [error]: [POST] /api/syllabus/generate/video → Failed to fetch YouTube videos.
2026-07-20 22:47:31 [error]: [POST] /api/syllabus/generate/video → Failed to fetch YouTube videos.
2026-07-20 23:02:18 [error]: [POST] /api/syllabus/generate/video → Failed to fetch YouTube videos.
2026-07-20 23:16:23 [error]: [GET] /api/bookmarks/ → Cast to ObjectId failed for value "8a696fca-b46b-40f2-82e8-b786b962551d" (type string) at path "_id" for model "Syllabus"
2026-07-20 23:20:35 [error]: [GET] /api/bookmarks/ → Cast to ObjectId failed for value "8a696fca-b46b-40f2-82e8-b786b962551d" (type string) at path "_id" for model "Syllabus"
2026-07-20 23:21:38 [error]: [GET] /api/bookmarks/ → Cast to ObjectId failed for value "8a696fca-b46b-40f2-82e8-b786b962551d" (type string) at path "_id" for model "Syllabus"
2026-07-21 00:42:45 [error]: [GET] /api/syllabus → No topics found.
2026-07-21 00:48:29 [error]: [GET] /api/syllabus → No topics found.
2026-07-21 00:51:22 [error]: [GET] /api/syllabus → No topics found.
2026-07-21 00:56:09 [error]: [GET] /api/syllabus → No topics found.
2026-07-21 00:56:09 [error]: [GET] /api/syllabus → No topics found.
2026-07-21 00:56:14 [error]: [GET] /api/syllabus → No topics found.
2026-07-21 00:56:14 [error]: [GET] /api/syllabus → No topics found.
2026-07-21 00:56:36 [error]: [GET] /api/syllabus → No topics found.
2026-07-21 00:56:36 [error]: [GET] /api/syllabus → No topics found.
2026-07-21 00:58:26 [error]: [POST] /api/bookmarks/bed867ad-ea17-4867-94c8-054b9ddce38c → Already bookmarked.
2026-07-21 00:58:27 [error]: [POST] /api/bookmarks/bed867ad-ea17-4867-94c8-054b9ddce38c → Already bookmarked.
2026-07-22 00:40:33 [error]: [GET] /api/quiz → No quizzes found.
2026-07-22 00:40:33 [error]: [GET] /api/quiz → No quizzes found.
2026-07-22 00:42:14 [error]: [GET] /api/quiz → No quizzes found.
2026-07-22 00:42:15 [error]: [GET] /api/quiz → No quizzes found.
2026-07-22 00:42:19 [error]: [GET] /api/quiz → No quizzes found.
2026-07-22 00:42:19 [error]: [GET] /api/quiz → No quizzes found.
2026-07-22 00:46:22 [error]: [GET] /api/quiz → No quizzes found.
2026-07-22 00:46:22 [error]: [GET] /api/quiz → No quizzes found.
2026-07-22 00:47:15 [error]: [GET] /api/quiz → No quizzes found.
2026-07-22 00:47:16 [error]: [GET] /api/quiz → No quizzes found.
2026-07-24 00:07:36 [error]: [DELETE] /api/syllabus/bed867ad-ea17-4867-94c8-054b9ddce38c → Forbidden.
2026-07-24 00:08:40 [error]: [GET] /api/syllabus/bed867ad-ea17-4867-94c8-054b9ddce38c → Forbidden.
2026-07-24 00:08:40 [error]: [GET] /api/syllabus/bed867ad-ea17-4867-94c8-054b9ddce38c → Forbidden.
2026-07-24 00:08:44 [error]: [GET] /api/syllabus/92c6626e-16e7-48aa-a42a-2ac338f834a2 → Forbidden.
2026-07-24 00:08:45 [error]: [GET] /api/syllabus/92c6626e-16e7-48aa-a42a-2ac338f834a2 → Forbidden.
2026-07-24 00:09:07 [error]: [GET] /api/syllabus/bed867ad-ea17-4867-94c8-054b9ddce38c → Forbidden.
2026-07-24 00:09:07 [error]: [GET] /api/syllabus/bed867ad-ea17-4867-94c8-054b9ddce38c → Forbidden.
2026-07-24 00:09:42 [error]: [GET] /api/syllabus/bed867ad-ea17-4867-94c8-054b9ddce38c → Forbidden.
2026-07-24 00:09:43 [error]: [GET] /api/syllabus/bed867ad-ea17-4867-94c8-054b9ddce38c → Forbidden.
2026-07-24 00:09:46 [error]: [GET] /api/syllabus/92c6626e-16e7-48aa-a42a-2ac338f834a2 → Forbidden.
2026-07-24 00:09:46 [error]: [GET] /api/syllabus/92c6626e-16e7-48aa-a42a-2ac338f834a2 → Forbidden.
2026-07-24 00:11:08 [error]: [GET] /api/syllabus/bed867ad-ea17-4867-94c8-054b9ddce38c → Forbidden.
2026-07-24 00:11:08 [error]: [GET] /api/syllabus/bed867ad-ea17-4867-94c8-054b9ddce38c → Forbidden.
2026-07-24 00:11:12 [error]: [GET] /api/syllabus/92c6626e-16e7-48aa-a42a-2ac338f834a2 → Forbidden.
2026-07-24 00:11:13 [error]: [GET] /api/syllabus/92c6626e-16e7-48aa-a42a-2ac338f834a2 → Forbidden.
2026-07-25 00:27:16 [error]: [GET] /api/syllabus → No topics found.
2026-07-25 00:27:16 [error]: [GET] /api/quiz → No quizzes found.
2026-07-25 00:27:17 [error]: [GET] /api/syllabus → No topics found.
2026-07-25 00:27:17 [error]: [GET] /api/quiz → No quizzes found.
2026-07-25 00:27:27 [error]: [GET] /api/syllabus → No topics found.
2026-07-25 00:27:28 [error]: [GET] /api/syllabus → No topics found.
2026-07-25 00:27:35 [error]: [GET] /api/quiz → No quizzes found.
2026-07-25 00:27:35 [error]: [GET] /api/quiz → No quizzes found.
2026-07-25 00:27:39 [error]: [GET] /api/quiz → No quizzes found.
2026-07-25 00:27:39 [error]: [GET] /api/syllabus → No topics found.
2026-07-25 00:27:39 [error]: [GET] /api/quiz → No quizzes found.
2026-07-25 00:27:39 [error]: [GET] /api/syllabus → No topics found.
2026-07-25 00:27:53 [error]: [GET] /api/syllabus → No topics found.
2026-07-25 00:27:53 [error]: [GET] /api/syllabus → No topics found.
